tier,summonerId,summonerName,leaguePoints,wins,losses,veteran,inactive,freshBlood,hotStreak
GRANDMASTER,NE3W8B8rFWqzswlSDcUUNkfNAhlM-Y-5hH0fTiQDeA5ofu4,118승현희민지원,212,161,96,False,False,True,False
GRANDMASTER,RlpNMnvM0uIAqvp3T96ugOMuvD-iJZ0G_zZ27DinYgl9oqc,GALA1,294,108,98,False,False,False,False
GRANDMASTER,223ao66j3VOXofOi2eLbXDt_m79eP87pNQmiVlryW6PnGXI,gtqeti630,291,78,49,False,False,False,False
GRANDMASTER,zz1wa2Y-ZG5yautAw5uOt5gsY0BkL5KwPRZfjoI-8dIqiw,K tune,317,228,199,False,False,False,False
GRANDMASTER,3aiuFOez4TzcLt_QI7mbC7h_ZR6sFQzeE9JMV4_byYYM71I,ATM서폿,271,246,222,True,False,False,False
GRANDMASTER,GxPP94d4VKM2JQYwqG_A0Hzda1gk31iRE4_LDwFSyjUe09g,제주고 김승석,517,172,137,False,False,True,False
GRANDMASTER,YcQdYK6gpWeHablQ9O0WA4O9sOK4XFu-p7WgtixMK5-gwg,KT Kyuhyunji,422,88,60,False,False,False,False
GRANDMASTER,Pn_57YZvb4FIymAG1uURFj7oX0K_QEcjCmkbeENBlI3Fq8I,FA 엄준식,458,316,286,True,False,False,False
GRANDMASTER,DCoP-GPhzbSoGzcWDYGcoLa5GipmEsSkZ2IjCnDF8YGV68o,Goldguns,239,270,250,True,False,False,False
GRANDMASTER,2aBfh2FYIbIPNIkZGAf_eRK2QMnM2xiPCfnv5g2L_E_2yw,소나잔나,446,37,18,False,False,True,True
GRANDMASTER,Ip5rTbe7HqRN0ElxCBwmyjiZMrUSFqKh8dYYyhoNyX7apbs,개조형 파진포LV6,207,134,109,False,False,True,False
GRANDMASTER,QkM6rwcxZF3gNxkBYvukAFfYgJ7qIzb25-fPj4OG97RzZ6A,불꽃남자신동진,327,345,291,False,False,True,False
GRANDMASTER,qL3uGQJ9XTF_oXUYBVLf_7C_igJGLVib3mk5OZZ4tuv_UQ,Poison p,549,112,86,False,False,False,False
GRANDMASTER,n34NyZP4_LpEyqBYf88V9TH3M9sIzutdsRLYCvYnsSXXz0A,믄똥왁왁,227,185,197,False,False,True,False
GRANDMASTER,Y1KA0qA-YhiJy7CeImA_rZdfteFArizFbDUm7j5vcZTgaAc,ES양충하,210,315,296,True,False,False,False
GRANDMASTER,a_nsWi-_o17v4pcr7cQ2w38O1_UEZuTAnvO18gIvC2G1U9I,vxznxncv,200,72,56,False,False,False,False
GRANDMASTER,fW1pl9NRmMzVDXCdUKEb0GOr8j4fFTULE0rnbAV0s0TrkVc,앨리먼트 미스틱,540,257,232,False,False,True,False
GRANDMASTER,Ophsjdta3CVnp-zJgemFLhhQwZh4Mzj07eJpKG9ncFaY6EA,쿵야 둔갑술,609,193,165,False,False,True,False
GRANDMASTER,_IIHmdu7C_Fu6vQfBqZQ8zJCvy_OgTz-RVypuj7LAngIKho,bulago,401,386,359,False,False,False,False
GRANDMASTER,W39hWsax4sXaaU5gZHEc0i4B0OGqnGHKzJYVmQKHH5qKUvo,MyMagicBurnYou,486,255,234,False,False,False,False
GRANDMASTER,ngyNxr-mhUGVfrhlXyMww-ctZogSORVTCCfyH3j9bze-Px0,OMG the  bug,236,346,312,False,False,True,False
GRANDMASTER,mR76o4H1uxB3eCr0Bhq6osvLUXuV5A5XLQnlyiImms2o7ns,SRB Gonee,543,149,115,False,False,True,False
GRANDMASTER,9eAt3vgg7a2VAn-RZHe5fMyhT0w_zr5tqH39CW0IBuetMpU,오현택의 개,296,169,151,False,False,False,False
GRANDMASTER,_axm9YQoTE0RgVI0v8ZHhpCLUcCiqEjTvWIZ58E3O6_6vpQ,금똥왁왁,418,105,83,False,False,False,False
GRANDMASTER,3JQuwbnLiD2XtrEirgX5PKdRmNf_kyY3pgUINTHzgEWUqQ,닉변한다데,376,318,286,False,False,True,False
GRANDMASTER,YIRcJDDqi_2D6bZoZR5gAP6V2aLTyti2-hBIL4JOiD58HAc,트위치 아라드,480,134,100,False,False,True,False
GRANDMASTER,ehFAqrw3W12ycp4JAb8cHu-E9v3JRKIZ3q6VTL5oOKx0-BA,jug242,303,95,84,True,False,False,False
GRANDMASTER,dt7tu-Csns8hVnnBEx3HGV0tpZ8_lr73ANj0p_Qz88vkeQ,급하게하지마세요,299,40,24,False,False,True,False
GRANDMASTER,N5iXcz5XCGr-WcFLgIyXq96W_toYpJd9z1QAXleXzwxEhCU,멀리멀리날아라,258,68,33,False,False,True,False
GRANDMASTER,DUJtBxWFkxjqtCp7UFlovkmJreEsVJqMhDL2dDrwLuoOSA,바 드 본 좌,239,205,198,True,False,False,False
GRANDMASTER,_qnXKNq6XOmbShEx2FKgIi72FbAND41Y__gvFLB4uBfdIR4,03 JGL,315,468,438,False,False,True,False
GRANDMASTER,4BKoNN23TamH4sqedrwEx53OzYEpJ0kv4R9kRvWrpmasVyo,GCA Star,238,235,221,False,False,False,False
GRANDMASTER,wKv1dzAc8Yx1wTtT-rVDkEq4R5awOUgGmvZg82TvBVg14d8,하니로아,269,229,208,False,False,True,True
GRANDMASTER,nAjlrR0_36OMpVgIwyg06lmOykFKQ70U-9O3CmfR2HYYzk4,내가 뭘 하는건지,621,323,311,False,False,True,True
GRANDMASTER,CZflheioBOHPuAVWpBNyDPCPuqShr84PoUFxQBX5CtCP74c,emulp1,436,347,268,True,False,False,False
GRANDMASTER,ESjhuBp4HO5IcKq9Dk8ibBQuNTAt9gKuxwvH6LtHDi9GH9U,zhyscxlg,516,351,307,False,False,True,False
GRANDMASTER,eM_H1iUivUvdRkzBLKpoPU_eqUcs-Kh1NUFheonX7pQ6AJI,Challenger Kat,275,232,142,False,False,True,False
GRANDMASTER,V7c-J2WUJHgRHfCin0RuMvLmzEDJyHtY9R4e9Miy7NmE6zs,dodge game,552,384,352,False,False,True,True
GRANDMASTER,S7V88gzTh-lWioEQp9t3rSi7re_jMwmbpGuobX5hTgMDGqU,FaZe broky,512,294,275,False,False,False,False
GRANDMASTER,RlsXbHGO6_69gsla9gflZsHGa-KziYcl8i43h8xISNM_vnI,Brion Doil,295,303,279,False,False,False,False
GRANDMASTER,zATkH5DaQvThOkgTB-Pfm0udZKkqOSrq42vtWQ0UuFN80A,mingkey00,447,118,89,False,False,False,False
GRANDMASTER,6GTLA_TSVs0-2sQJUzBsTT7UEe2CgDeFnhI2fGm8KQFY6ts,i am jo jo,217,434,403,False,False,False,False
GRANDMASTER,XNJM-bOtbtIa14FndAqwwHs96qbgnEAH6bM3xgD58CDWnAg,은 택,294,362,347,False,False,False,True
GRANDMASTER,k6ns-ghypxxZSE8vYqGk2qeEh_4nVg0OfhSUP0SnU7fS2mA,역시폭근,401,107,65,False,False,False,False
GRANDMASTER,Quv9VDOd2IRiEddFXfdwgMnuRM9IKTaKFxnlY7b7ZtMxPA,돈까스틱,259,205,185,False,False,False,False
GRANDMASTER,_N3JVBK8e0B7BLrNxw84w0WaFQZAF_Bk1Oa9HrtFoxRkKw,Awesome Ferris,442,166,136,False,False,False,True
GRANDMASTER,q5z2z185bG1Kc_PGFnpfYlWIBzulr6nHYu2kPUK1oW80qA,호성이,196,112,95,False,False,True,True
GRANDMASTER,pW_Dy_6J7HaJgDCwhlDYdRF4qZWP8G6IjHhYht7wEtfQG4Q,과거의 꿈,279,266,260,True,False,False,False
GRANDMASTER,kFDsHukSBv2pzPk3wGAZrJv0tStS172kPBRHMjS5jsRho0k,jiejiejie,345,398,382,False,False,True,True
GRANDMASTER,ksE0kN_1mDfQnu7EfaceX3nmfZKYhOXGDVx_HYMlTsLauUs,승지부기,567,60,35,False,False,False,False
GRANDMASTER,kwWis8gKond9yMWLCccVhat8gQy91JpbczqMyg_vMsFPoTI,Twitch TV donko,525,379,347,True,False,False,False
GRANDMASTER,ns3e8ktAPqeoLFhUfD5exY0i_Uz6umPwTNfygU2V0JED0Q,넥넷피한,400,79,53,False,False,False,False
GRANDMASTER,Exee90FrdlRAYlAy8OqiTArc2qIpnpVqSBbyBCe7RIiVPs8,내가잘했네,584,152,131,False,False,True,False
GRANDMASTER,Sy0AcDgxR_0uTRGqqQPf8GzjBmSMonW_-QCkdwN8o_5cxv4,ikusikus,251,225,196,False,False,True,False
GRANDMASTER,cgyKQwIBWf9WpXIwoalqdvwZsBQWl3-pOUWlxHb2xjypfXQ,Gipsy였던것,372,593,575,False,False,True,False
GRANDMASTER,8msmozAKL1xMuwUAIM4jBVSN81t-P5i3miCMw8NiXRUAX2s,FWliuhao,287,423,453,False,False,True,False
GRANDMASTER,mjf76ugcxWxRdqSPnAYJ-6QCxL3EE0Q3nhg6G3tINWd2JgM,새벽호수공원,243,130,112,False,False,False,False
GRANDMASTER,LIhDwLGEmY9xuqcpy1J_rA7Gl1L2Q79WgkU8k3XJpUwvsw,어둠둥잔,487,299,292,False,False,True,False
GRANDMASTER,IH1jGoGyTPhpGaiAGF8ZDYmDZpRfugj20pbAyA5ums_oOE8,돌거북이힘을숨김,239,187,155,False,False,True,True
GRANDMASTER,0tAAmCY6TUspGsiDXDc6cy4a2CRipgCi0FuTiZMmMxCg1Q,현성S2재현,308,127,98,False,False,True,False
GRANDMASTER,bGh7rVfJMrGMnrCrbg0yECDjIg15jhDk7TTCloZKFg9Aezs,ping siba,462,373,350,False,False,False,False
GRANDMASTER,-Xabvz28bQzJSPqbkhbiHcEdzktQyXmlD7AXzNEPwMxGe2Q,7777k,518,329,291,False,False,False,False
GRANDMASTER,uAmi5biXIWNi2L0KnnirI1tAp9W84Byc6Qui7ID1KJz8oA,CHANGMO2,250,280,264,False,False,True,False
GRANDMASTER,EO5oUVAkMPRWtGMpxD-KaIsKdZ0Pd_D50Ya8Et5XgdLXcg,기도메타올라프,469,170,143,False,False,False,False
GRANDMASTER,NHADLfY7tQpI1nKkRTYIXLnLVpxnayRLmw4FjOjWfnedH9A,앙 김뭉치,240,246,223,False,False,False,False
GRANDMASTER,WKms1dw_30puYOyelhpogIZjf84LQ3ZPDccpTVDDQOV0-qQ,고개를 들어 ,263,140,115,False,False,False,False
GRANDMASTER,d4N_SrzuvZ1a3YEn05_ifwZ6X5CRwNDcY8uzUcE1554_yEs,그냥 승리를 원해,271,122,97,False,False,False,True
GRANDMASTER,ygWIvKngzXwsi7IiG1-SVwzjRGtM5J0JWLzvzZXy19ODUA,커피물조절장인,310,258,238,True,False,False,False
GRANDMASTER,jA9gvwG07yFvUi2GuKC1JfI_sAXovzslYsKUkZ9XzmtLyXA,Sangchu,489,139,138,False,False,False,True
GRANDMASTER,k26ydbbZOqLVBWZykA6hdgIqM8ucDU6LGdjEWJNG_HckgLU,tuimaykhaugN,254,286,260,True,False,False,False
GRANDMASTER,2I3rSKNEEH75EktTivg435efKgKXEn7SFiKxuBGGExhWe_U,teamuoon,146,316,296,False,False,True,False
GRANDMASTER,iqsEWclvJ4Wh8gM85lqdTMePiRGWyNXPNMYWKwBkQuqzdtY,Iron1 Sugiura,380,205,182,True,False,False,False
GRANDMASTER,qf3t-LShwTUYAAHXvhCSRHT2WGFQIUssnMN6KIcvDx8BCg,tinychild,333,207,177,False,False,True,False
GRANDMASTER,xw9OopQXDjvPNNY0evYQA3uyoW51kQJt1SSoxt4DmDrjFA,xingyixing,510,470,416,True,False,False,False
GRANDMASTER,xt267_LcRXVHVWjAYJCO1uCI8kM7ZExDjjhEehYypgpphEg,shiliruci,402,322,303,True,False,False,False
GRANDMASTER,jSJDfvOj0w4SrCKreBwTGi0yOB2bKwLwpHqqW6z9PVk810w,AlphaGoTest004,321,135,56,False,False,False,False
GRANDMASTER,lPwCVT_xqqlABxjZGm4qJn_0tdkSbLIEOx9ik4SNj7E2KdU,뚤루루2,350,204,181,False,False,False,True
GRANDMASTER,TvSSSRhwJLZflo9jBchXsd1Yqfh-VCsr9ZpP_qtoAXtwvmg,됨니까,307,343,319,False,False,False,False
GRANDMASTER,wTI05slGM-1TThyDsLx3Z3Zeb_9_n9paurdxWgX6SFU0c7c,cl666,319,264,246,False,False,True,True
GRANDMASTER,X2A0BHschpnr-V7dTR6DkQf9m-_GFkEaXSk-ue-IxMs-pa4,SANDBOX JoKer,514,192,163,False,False,True,False
GRANDMASTER,S36aoJOc7YFvFQ9iS5KQqq7IfIflyO71zimcCgjQZimMCUY,fabaju,443,288,264,False,False,True,False
GRANDMASTER,Wq0SIeeGcU3ybJiDoccGZgpLgaLbPnM7_PuvIbQnJYuUSRA,NoSmiteMan,241,228,202,False,False,True,False
GRANDMASTER,PUiS5xd1CUZb6ekSKncS_QFe4Yf7BMdSh5KjB3a50phHeB8,엘 림,234,203,199,False,False,False,False
GRANDMASTER,nxrk9FWMJXwLw_bmMxY7outVn4jy-0kglVCSZUWov3HNLrU,FA BUGI,439,128,113,False,False,True,True
GRANDMASTER,5Efws3I0DIxl8uDj9Knz-lZzMuncG0-xNOT_J3Sckh7TrA,니만노련다,257,131,110,False,False,True,False
GRANDMASTER,ypxYAe1piPWaFLhwAk5r_GtZOOv0vRvML8uiYiWS1rLfVJc,노력하다,307,132,110,False,False,False,False
GRANDMASTER,UeUWCav-t9fQCFGHqx7HkpqVJyvK5ogqyHQYducoKlCdN70,YongMin2,201,317,282,False,False,False,False
GRANDMASTER,W8ld7j15Tk0tjOyxqTGRIGLwg1f1X6mHWJKwY0lHQTjkyoE,아이가 돌아왔다,342,74,56,False,False,True,False
GRANDMASTER,ruA5XNvvYf63kDbA7fEd4bH3Jo7yn-K8z7T0Qr17ZyC-Nqs,bot gap game,208,97,72,False,False,True,True
GRANDMASTER,872tfdxAJvRh2wJpDbI0-1iFiwynhMqGOwChCEyWVgahPQ8,TwitchTV 김망치,601,153,127,False,False,True,True
GRANDMASTER,zGGt6dMfC_G9F7i_KSa8W2gs9lZQEr81gDBIZ9u51JnpHnA,77GameVIC,195,118,116,False,False,True,False
GRANDMASTER,5LQ-ErsUcN45lQoFv3rQbcX7a4kFW8Wbk7teYYtmpaGmI6k,Bei ji xing,217,215,205,False,False,True,False
GRANDMASTER,CwQdfxmWXerWAgjI-PUjHJx34RqiKElCuTQRht3pfBCQMw,everything1need,209,234,224,False,False,True,False
GRANDMASTER,GPjy-qtU8sRG9pI5np29T1BgG2ljCmkfEuCbi6lmfoIfxts,Gen G Wize,603,454,436,True,False,False,True
GRANDMASTER,8Tm9p6wIzcO8GIVCImGKzDXm-5RsGWgjamerlLEhh0igjGQ,정점파이크유튜브,375,217,192,False,False,True,True
GRANDMASTER,h2UECC2kO9tJFP43sw-ZRp3TmSwsPf1_SCz2lDjFlrZGC-w,blwy1,503,165,138,False,False,True,False
GRANDMASTER,dN2crEYO96qDHtZV0lWLJ30WfFws5SPdjczH25-jFfVAhIA,1ackairay,456,128,96,False,False,True,False
GRANDMASTER,JbQu6WMi-mrjIaJhjdlsrxqGjEiQbMOTqkkXp8Tf25HIC7o,Keep calm and C,301,396,301,False,False,False,False
GRANDMASTER,Oz7EjTkNk_s44WX2vC6z_H5wiHJLXnGsMHCwt5ilX-n3hIQ,암살몬,326,116,61,False,False,False,False
GRANDMASTER,k2CCvORIQGL0HsVkkCPEqdOLHBtx3g_QfYCN1_udS3l75mk,WithTheBell,264,124,82,False,False,False,False
GRANDMASTER,lgvNAcyaKfEv8J-viCwWROIe25OBYsCgGA-7ozOyglW5yQY,여죽남포,212,141,126,False,False,False,False
GRANDMASTER,9C6f6nDNro_0ZbD5LBO6WvzF03fC7jh_9m2c4qx7VxYE1g0,MCX Bruce,389,295,274,False,False,False,False
GRANDMASTER,zQPZLc3mALWQj6RViCpey8SWngp2PjgA3FV0pO87h-YnPTw,투니버스리즈시절,233,211,206,False,False,False,False
GRANDMASTER,JV11KHn6tb6A9sogOA2KlXGsVKceij7pGDId7nqVPjUEzvI,Unisia,200,319,299,False,False,True,False
GRANDMASTER,_IgwJ4wBrtHTNswv-yKwh0fq3XVYmk6V5_yLX1pqw1IsmQ,하지맨,237,182,158,False,False,True,False
GRANDMASTER,FxvbsQn0_3yGp1CMZ6tdJrEcZdUlp3h7w7X-Nu4UENvFPA,Red Li W,312,396,391,False,False,False,False
GRANDMASTER,kjSiWPuDbCWbOTtKK_dicDmIDQDv1C97Qab70Dz_YjllJHg,DalKa,327,71,44,False,False,True,True
GRANDMASTER,AmNGEtcQlad6ZthmzM15Ias2bMg-sn_K3FcpUBUhS1EGTMc,3레벨 바텀다이브,314,234,214,False,False,False,True
GRANDMASTER,Ft3mjSSPOiOiH4epb5MNKhvZ7VJWggH254Hs60Q2qbXEIWE,Lego77,372,167,185,False,False,False,False
GRANDMASTER,bjpzbdnhwbCqCsR9avADo_9W8W24D0CMGe9qzQcOWaHN_fA,AF HamBak ,493,374,341,True,False,False,False
GRANDMASTER,PqMvKR-09Vy1vahY-fcdF728-2ZSB_RevLdn-GqNn_6pqHU,초보원딜러,241,272,202,True,False,False,False
GRANDMASTER,EIHe6oPU6X18J6kvxuKkr0sPZbGKFJEKyqB66UA4m14ekw,죽기장인,511,104,76,True,False,False,True
GRANDMASTER,kpq_r4uf7C3WDRJeSg99ouB12nAX_bLZ1fEtIV8x5Kshz7k,Set it Off,236,200,179,False,False,True,False
GRANDMASTER,6wyKxV5VdmwJEoQYW2xK80KTA3B4xVY9ug1MaG304k96bA,이보검,406,207,155,False,False,False,False
GRANDMASTER,DLQEcQtBX6agMQoWPeZWjejF7vAoz416wLwcEK35BH_Wnk0,마이티베어,418,142,84,False,False,False,False
GRANDMASTER,9mbkWsUvG19RbUtmhQUchi80Uiyc8nzH-vZH9Uy5a_4fjuw,물다이아123,210,84,64,False,False,False,False
GRANDMASTER,eHwv4zhm64UvAi3f1sxpWL-VV2zcb7f60wsFu8QPgMJLBxA,기앵강단,239,67,41,False,False,False,False
GRANDMASTER,Eiobcxwp-Y5scIkvaLVSLyO9FAKfCCQ4izIC1pHArmU59oM,dangyadangyadang,202,289,283,True,False,False,False
GRANDMASTER,n65v4LytFvgEBR_lepkWQmFSI2gpPCyIdFsTPjrh--4s34U,T1 Gumayusi 팬,243,208,199,True,False,False,False
GRANDMASTER,mBEdTYIPz1I-sOPj71JfW48yZ4OUp59gnGkX354zRPC6Lw,상구놈,210,248,226,False,False,True,True
GRANDMASTER,ov-7vD_yYAXNkP1R4-xgoOOBeVXFLkZKpG-OLi5g1dWpxnE,Elixnagnip,300,150,129,True,False,False,False
GRANDMASTER,k_EI7h78YyYG4H9wyNnJw7ifxQhPO7-chCEtP_TS6bBo2TM,fwerhao,307,88,62,False,False,True,False
GRANDMASTER,Zdv0znnWi_xEOUEfY6blr2_kWccwosMzeL6d9TGYozWhoPQ,INVADED,555,319,285,False,False,True,False
GRANDMASTER,F2SyMLQNxIkjQnsRiaIS1ehoyoZ110_1OJ_PF-LFvgmV_X4,L1sure,416,119,98,False,False,False,False
GRANDMASTER,FQ_vf-8-alHY3Wj3gHEaPQIcaWjBBR7GgdV6ykug8lSc8Q,대못 사부,348,175,156,True,False,False,False
GRANDMASTER,witCq0N-iWS9D2pwsVZNo-9zDjpnvyAQydMp4JKPwJMpstI,과감하게 주다,476,204,178,False,False,False,False
GRANDMASTER,W24vLwdtYSF2U6M978qx2Ev7chv3M2kyjpbAdnAiup_92-4,많이바쁜가,343,271,180,False,False,True,False
GRANDMASTER,POkrcRuM_g9fL_6HWocxbwjPIuhHQV7e90vJLitUxVHIQDc,need time x,250,310,241,False,False,True,False
GRANDMASTER,oNKumc5l5uxIxw-gqqt7CkP4YyKLHpeNfyzGL9NyvYN0fLA,모찌피치모찌피치,400,227,210,True,False,False,False
GRANDMASTER,jK6VHGS78lMbl6bHx1gMBVDtP7LlqcNhMay-bE1y6uCxIw,득이님,271,112,84,False,False,False,False
GRANDMASTER,vpbpI0RlySv815k197HwH4aDxO3ALYkrfWOA83UYUBUkdrY,데스노트 워윅,215,103,89,False,False,True,False
GRANDMASTER,1XTqX0f2xfLiXTp0ycAw-zAsvePbZxtdz3btaTSu-ieT2w,EMP Akanthus,270,415,392,False,False,False,False
GRANDMASTER,Hp_Sq-TlP4725S4f-h4bn3qUeLaQ29xeze5TU9-Pyqo96bI,jiang cheng lu,237,375,361,True,False,False,False
GRANDMASTER,SNO7mHO89B0R_G5o9TkSEF3evoD73CadIXkRFFXyXLZdjXQ,치렝이,225,255,181,False,False,False,False
GRANDMASTER,d9hlvszp5LQhu4Xc4hJsHXY-RSOTb8idU-99Ts99gRV0auY,노해로170에15,345,141,108,True,False,False,False
GRANDMASTER,w5OVuU7wbpNlc9P5bXnV2mo1f5CjKTa_ZW8lmEi-nUwUHw0,pityz,269,351,332,False,False,True,False
GRANDMASTER,463aBqNCmUDhmvKfZKP2IEH153u1PmlbSGGq98Xm64PvOlw,Uehara Ahri,291,193,181,True,False,False,False
GRANDMASTER,cWHeY7jOK50fycrPAdssIyJBedoyLq7bCZVXAJRBVmToPbQ,Want 2 be happy,238,162,134,False,False,False,False
GRANDMASTER,JUwuDKGjvQ09J-uygJXlH_9U5UBhdc-V785sdQpXW4l6G_w,Qishilu11,202,108,78,False,False,True,False
GRANDMASTER,9221ecntyF_9bIj56ZHfiOrTH0obpBnT9aLpsla4ErmTQEQ,쭌 베 fans,504,346,338,True,False,False,False
GRANDMASTER,shpKTg-uwoaS8vbuUEk8uwu7Q06zrRGodj-QoyacqEGb6XY,더 단단해 질테니,204,185,156,False,False,True,True
GRANDMASTER,vU_Dv3bZ-i21ax-ZyXpxJ8XwJW4xmQ4rgR2-pjyI1CjdrA,탁종이,501,180,150,False,False,False,False
GRANDMASTER,D47MJic9PU6hcRtAOZZsLzAfay6MIS0WXfn4tQQT7pZknZs,BRION CROCO,338,83,70,False,False,True,False
GRANDMASTER,Y8N8DiLfzD-MzadDrinFynoFEYlwClEKzBuEtxgGTrAy-vo,2017즐거웠어요,544,139,107,False,False,True,False
GRANDMASTER,CRfL_3XZOO6UCRDf1ns-TkwiRPu6kPTsRWrc10VQ3fqeCeE,나는 과일장사,226,235,210,False,False,True,False
GRANDMASTER,yVy7kYLQ6O6EFPFdVkNfEgXj07bzuEtBeaqwP9trdEt5lzQ,HLE Burger,413,414,403,True,False,True,False
GRANDMASTER,eszrcTiLQSwp_OsX0uzGk2xdZXUx0Cz1cp9fSm5v7y3A5Ow,By myself,296,144,111,False,False,False,False
GRANDMASTER,yLJM5EPrhpRAFsC6zC6Ptp0sVNkqdZQjbEki7K5tLUVoAgA,나는웃방천,261,173,137,True,False,False,False
GRANDMASTER,bZf4qspMoOznIERlUJ76eZoEFKXWt9-QzKqnEms3U2tA0g,BJ갈배,414,437,421,False,False,False,False
GRANDMASTER,XK5VPRwfq77VM6XGxC6n3FqavHfy-3avv2Ru0WlQHehi3EU,둥근해가떡섭니다,568,105,91,False,False,True,False
GRANDMASTER,j_thHJb6qeFcRFilPciMWU5lE3mkJmYxFoLS5FYt7Mui-Pc,지솔직fan,413,274,193,False,False,True,False
GRANDMASTER,P1z2lgcTnNp5rWnQALUHLdH7rxZ7pxzCRzeZn1s__IFoC34,HLE Mireu,533,281,258,False,False,True,False
GRANDMASTER,nQefW7OCJbD9xGoa8Auh5ZiCX6FMjVXfhlJ6e50-VjUM93A,Saber02,405,252,222,True,False,False,False
GRANDMASTER,14e6w9gVRd7f7xsXnp3PHVFlJ7p-52tmzpOA0c9mmICw7W8,PenShui,580,73,68,False,False,False,False
GRANDMASTER,m8_gdauZX25U9ZcVFAzYkNWdEOtH3YSOzZLe9gWFEL_CWoA,happy game4,178,135,116,False,False,True,False
GRANDMASTER,oFxkgo0aYIXwGVRlpgrbBLHkB1GFxUmbrhwqenISmLFH10o,Co24,365,201,168,True,False,False,False
GRANDMASTER,VnbF9N-aY9aSvR9MAPpxgGlbi-T3BSjsQ2ZHVH5O007lvAo,JUGKlNG,439,33,8,False,False,True,False
GRANDMASTER,NBIJqFxhgQync1B3MXHG31u3LLY-YA5ia-dRMKGC1o8i3A,딱 지건 대,501,146,113,False,False,True,False
GRANDMASTER,r_zmqR7dyxqt6ODrXvO3cnxF1VRmh7KBiJe__4bo8YMwnDk,Shan xin,223,229,202,False,False,True,True
GRANDMASTER,DSjFMKLQbLBgHN_W_eTfhQ2I_I-PStj_6TXEk21xVbGmJqc,BOKGU,366,148,119,False,False,False,True
GRANDMASTER,RlEnuzhLOc0hob-e8veJ3USCFLPAu9zzfI6-4Br7l14eoHQ,리하우,344,158,146,False,False,False,False
GRANDMASTER,JyyvYeYa2TQp_B_3PMd21kDQ_rnPJ7Ht0PXH9rq6eVdds1I,wyg,227,129,74,False,False,True,True
GRANDMASTER,kJbFGKqcRqvXe6qw4k5IBqHfmeI20qB7KcAB6jQjPo-P4Gs,Lei Meng Fans,280,305,299,False,False,True,False
GRANDMASTER,WBHsfWseotuucBPNycow2v7r3PxJgyiRu1yvXwt3larRR_s,용호냐,560,135,62,False,False,True,False
GRANDMASTER,XqEtBOkdDqmXhi6AdfRqpBOJ6nBKj0bvgdlRELDTV0Bvdw,doid,266,119,93,True,False,False,False
GRANDMASTER,OepTvlisItClCw5UTmAkUerx-ZuGgXS68D0jHTTV7dCHays,아른아른이미,388,178,141,False,False,False,False
GRANDMASTER,ZwOv32JO8LMeJEkkkkvFTTDdrJ6IxpUx9UFqPXAbDe4_vZk,like cs,315,213,193,False,False,True,False
GRANDMASTER,TIc1P3svsmXlTrFvit2p1C6AphQTzQY798MCTY8mHAsL8d8,몽강당,238,237,217,False,False,True,False
GRANDMASTER,-DhlFewbJTjexTSEzPW1rCbWPR4YaKqMwY1WrNJRVFjPVm0,paddle물 person,401,192,168,False,False,False,False
GRANDMASTER,SfNQBhAHo_l6fKvEz-J0-Nj5mL8QOf1D8PEqDlj6JS2Weao,03 MDL,214,370,353,False,False,True,False
GRANDMASTER,mlD8h_XgdiEKoswEnZtARofTjfLRKv8pytccWdMNAw34tpg,1874,468,236,197,False,False,True,False
GRANDMASTER,-AeyzK8w9X23-14Io0MjnOQkgfPQUlokIg-1XFs62uRVSDQ,Gen G Frim,211,357,353,False,False,True,False
GRANDMASTER,CtzJGz9jn8wyrRP6Pmr5KS7TXCsJcJyGiTqcrNVUheH8WQM,ELaB Prep,198,204,193,False,False,True,True
GRANDMASTER,bjySb70xlM3q80iTY--HpMsCXaZyr3LPb4ccB27RX2P_Pys,오뚜기3분미트볼,305,32,16,False,False,True,False
GRANDMASTER,T-gGVA57ssTSuhgr0NeLauKNwesVGfJcoRNriJ47-T1NPrM,끄으러쉬,219,129,151,False,False,True,True
GRANDMASTER,MaP07mrn8mdApHjY8y2dX3EpRy3JsKyBNASm_Auixq64JQ,STEAK WARWICK,225,95,70,False,False,True,False
GRANDMASTER,gmhMiLnMRgjEzd8Yw0231ugMn_mq7S_38IcoWpsB8eke9RM,다뿌싸삔다,249,103,107,False,False,False,False
GRANDMASTER,q_SkEHRKeqJMwFxSrA9BRYCyAd0OaXcMdWit4DeSv0jSJos,HLE Mulkeong,455,281,270,False,False,True,False
GRANDMASTER,bdUEYkXC1dWFnPmAoHsRDM8Uug0dyCZUrwXeJw_97-fujw,AlvinG0,241,419,392,False,False,False,False
GRANDMASTER,_5Pc7NgLx6jEjZaQ_wpy6LQfpzlHhFop2L92JH7bjudDjw,신 곤,229,194,179,False,False,True,False
GRANDMASTER,_7EdPIpOTDO_yuG_wMfAOQ4VgSXQUle5gvyV-3RtPPepch0,Gen G shanvnei,335,270,253,False,False,True,False
GRANDMASTER,6wfA2fUvswrmfYdDuO-_Xcb8cwcHWfxV2ChbkIlkj0hehQ,ubbu,402,80,56,False,False,False,False
GRANDMASTER,IGnN-kss55J1rjX1jnX0fsspckU7TnVMowUuXhiL2EupzXU,Gen G Meaning,546,423,400,False,False,False,False
GRANDMASTER,xErRZpAd5kS8KsyD47cZRVo69DkK2crWgz0V55TsX8j28w,Flex 정새우,199,265,205,False,False,True,True
GRANDMASTER,dHkzMz1kxwaL6j1_Xu5aO7J3vBrzir3EaGsg0g50rdJWygc,금괴 쌍도라,244,327,326,False,False,True,False
GRANDMASTER,6sQTIJvy9v9utq9jvQd67FS1_5x0HzS-UsLiaUDjGye6AuU,AuSong,510,258,179,False,False,True,False
GRANDMASTER,Nmr6_5snpzdvaaQtCmPg5zbiSBVkktO5G77uZUirkd0XdHk,어린이즈,359,232,200,True,False,False,False
GRANDMASTER,zFnkHz97dGDz8leGTQBVFUB7IwBd982VpyXsg7SbA-EmEfM,쪼꼬맹이 미유,464,140,99,False,False,False,False
GRANDMASTER,zgId4EY9NNaOjW2PKetJy-BnrrFD3JK8J7RNjFQgW7kmI-c,Gaze  x,182,346,330,True,False,False,False
GRANDMASTER,PDBxOAxTR0hpt9TXbwOlAPv85xohpBoM8kQTBXKXGlfWh-Q,멍멍뭉뭉미,212,225,218,False,False,False,False
GRANDMASTER,EChUhkiZqOD9zTUYEyZLSgP6ch9NNQPkRkbCXab1MNCv8SY,혜쉬님의 댕댕이,581,266,235,False,False,True,False
GRANDMASTER,GGvPAJZOALZTAST3Gx0emKs9qLRLI5rJNSsGpJ4OdVTLoec,FA DoRun,430,192,153,False,False,False,False
GRANDMASTER,KOdMupq3TUhJMLpQaaqJhrkxzxZ2LWtJ1IztTLTCmDbhj3Q,WE 77,588,180,157,False,False,True,False
GRANDMASTER,13eCnY30IAzOyq3ictbDrSaM6UH75PwhRVFTHwMgCyej1HI,아프리카TV리리스,459,111,87,True,False,False,False
GRANDMASTER,d0sBH5oedkcm_JaC40U4tlOAxroI52a5MfxxRRkW0lK2VqA,Princesscat,559,258,164,True,False,False,False
GRANDMASTER,tEANdfuS-XTeXxQ8pXaIhjMw4ZRVyfZKhacJXF8Eyh7RJ3k,북두칠성 간부,253,423,411,False,False,False,False
GRANDMASTER,VN7-U7TgpyQyPzTJKw7Vdtbh4qjHLSfQXVdwcF1t0bXua5Y,Urgot Thebausffs,259,181,140,False,False,True,False
GRANDMASTER,0FvwQJdwQJ3s1zRXL_yW6nMupFvVMbtnNyY4SdzDYbgRqLc,guajibannian,274,133,56,False,False,True,False
GRANDMASTER,LoG7CvJCP94QrGb1FKrv04AGJ1Dg4Z1MeM9s5vdgQZvRBw,볼빵빵 다람쥐,323,316,295,False,False,True,False
GRANDMASTER,AbC2UlWDj-GegKHQ_2kHYA_QcBRptvXs0kgtyuZPBSFWWDA,하필칭찬받다2,341,146,123,True,False,False,False
GRANDMASTER,5BchBBGmw7dsyEPqpfAfXqdRsM38xAID10xcRQ4UfpnQSQ,병기형이다z,238,305,289,False,False,False,False
GRANDMASTER,yB1Fxys-3aSZhINFL_LtKhZjFrlitNmXN9gDihWgFXEuHYU,baby sen,118,230,155,False,False,True,False
GRANDMASTER,Tnzp2L0A7Sj2ExRum0E6K-Zr0ZiZ4JYgAMLz48wRh1Fn9fQ,Mango Fish,383,143,67,False,False,True,False
GRANDMASTER,Txf4t-AAr1yvumH-tnC3oESEbZYZs3W-WVdz_14hu67XwA,청주시 조동민,255,164,146,False,False,False,False
GRANDMASTER,nrWkHDu_uFMoR2dQ775UUKQQZWOGqoqXnAHfttSNyNjK76g,last year01,386,367,353,False,False,False,False
GRANDMASTER,vZbe4AxgirLHZCb4u74IUoWfG-1FAV6AHgndnFEnoX9ggXM,지하도시 비돌,248,60,39,False,False,True,False
GRANDMASTER,tk-XjNZSmWxX24Au-F7-OeTm_sLQ_PXh0yluiz6j6Wqb0HA,zoe fan,359,117,93,False,False,False,True
GRANDMASTER,myg9W9diiV2PtdGdjWREskdi0AwvkSilfb-biTP2QnaDa8A,Synchronic1ty ,323,231,198,False,False,True,True
GRANDMASTER,6jxrLfvrVKu1gTmL0CGdg3A94nUOPQmfd93mHDjXpf2ARTk,hen xiang ying,437,285,271,False,False,True,False
GRANDMASTER,pn4SZCdeOx-Xj-bRBGG9uZ7YdS7esw6QG7pHCg9a3_WlOBc,이 바다를 넘어서,167,325,266,False,False,True,False
GRANDMASTER,NwbjlY3QYDmHMNlZWIGm9X7paymYZ1x-RZePuwWLzzkgNGI,qmn01,200,191,159,False,False,False,True
GRANDMASTER,sw6LNKIp2DMyTN705M8OQ4PdfBuMjfUp4NzenU2O3Ek_lHE,엽북이,379,107,93,False,False,False,False
GRANDMASTER,SfP0Sv8hZLx9VefvIOO_DhoIlLlTBox2NrReH_6hk7_Krlc,뿡 형,115,319,313,True,False,False,False
GRANDMASTER,N9SUG3m8GPwDNMjWXuXt00bC1SRFgQ-ya_ZKcZfhIent9Go,광광우럮따,495,263,229,False,False,True,False
GRANDMASTER,tgtFc3pRQV7oe7Y16Ddw74R2wGevn88kDBsa7ViEsVHj0pk,엘리펀트 미스틱,356,165,157,False,False,False,False
GRANDMASTER,Ryr0uiYeDglJP_LLgiJpJ9Je84maWCx3ucH-juR690Aq-l4,apfhdapfhd,506,249,204,False,False,True,True
GRANDMASTER,tBB8kupVYC6I3HFWPwG55XpCwfY_KlIhUgTOvPa-y76xbVY,xiaojianjian,344,89,82,False,False,False,False
GRANDMASTER,4BxxOOfBzDSKhBi2WHiXmy9PBR4nGgLymju8fJVS5I1w580,yishannunuhao,313,187,169,False,False,True,False
GRANDMASTER,cx7wlpaaBEUdM9H6kDU5mJa7DZnM70jHXegag_vs4pjhvxM,Yuiii,383,106,87,False,False,True,False
GRANDMASTER,LzbWCY_EI6UxjeQpenSTw7LLfgPw9Gwu72syaS0KIIHQaJs,이해석2,195,253,236,False,False,False,False
GRANDMASTER,tncgHpx5vC01xdnnY5cT5wgDQdgMdQeLp4whDyWdE5WVNjA,tlqkfdnjselfckdl,332,197,124,False,False,False,False
GRANDMASTER,elfDGwml3zpQpUFwPYtm_AVDrT-ZlOkZGT2ez4ehl7p_5hA,골프장동영상,360,79,57,False,False,False,False
GRANDMASTER,-BetM3K0XMiYpkzEEB_zpkqojgbyH4IQIQZ41hlGpU3JGA,아프리카 TV 모순,269,553,538,False,False,False,False
GRANDMASTER,tw4uVJDsZlGaAcu9RvPuM7c1nmOEoDRFRogRHK-qCseA5mo,돌아와 리정혁,392,427,385,False,False,False,True
GRANDMASTER,CTh3d1skHFO4aCVVHEOzCudzNuWucTHD7XqvzCR93BFqIkA,Fles Evitaerc,561,162,128,False,False,True,False
GRANDMASTER,shG3909mWFtyj5fso_bvvbF777zCpdaj0-dCmr-7m7TOdKI,jdmmmmmmm,305,300,280,False,False,True,True
GRANDMASTER,ZltyCmH-asMj9MRE3UcKCXHsZK9Obm9WuGf7AQp1-BFNhw,땀비몬,280,216,212,False,False,False,False
GRANDMASTER,Uo2Z2F5YH_wrK-bmTJ_gC6y1UllnqNE23mYMFOVott2YBC8,exist1,316,219,208,False,False,True,False
GRANDMASTER,_1vbLEIRm9O2EhT2hU4z9ieq2hiD5nBliCXtgTCez0AOLPo,CCRGB,420,118,115,True,False,False,False
GRANDMASTER,oeoqf_ecywvSPPOmXXWGOmQbhA2rDL6UmSuZg4u09C0gQEc,TnToT,290,303,285,True,False,False,False
GRANDMASTER,VJwggrwGteM03eCvGsXjDU9TT9DPjxNv-kuR9OO-GN_DP7Y,Komica2,300,192,170,True,False,False,False
GRANDMASTER,xDartGpi-A6xunSkczR2njyfKhsoHo1Sy_sRT6512210nA,설날떡국,199,95,73,False,False,True,False
GRANDMASTER,wLqDzQTFxEttXSh2aqGLgEZzjNiPUaUmgV3c8Ca3m3711k8,T1 Wooje,583,316,311,False,False,True,False
GRANDMASTER,xWwnUBdC8fav1sLTb2K3k6xgkwlNU3XqnRCX4yqqTKh6TQ,취준생재성,380,297,281,True,False,False,False
GRANDMASTER,oOrZtioDjMDoRe3TnMsp5XFL9D9SsRwYLSpVvhRVHzHEU2o,준라가스,272,162,155,True,False,False,False
GRANDMASTER,AGu30KZgerhmphJlaXN_flu6vBvEOFu-oCGKjw620cwofg,JongSeop Eun,563,183,156,False,False,True,False
GRANDMASTER,k0XYPt8F7zSoEWp9qeihVk1ktL8hR0mxkRUhvKi6siSs6OI,곰바위게,291,59,29,False,False,True,False
GRANDMASTER,NOP1-nT8Akb5ndLKkaWKgEvIPkkGoPG0TVQixT6w9gdubuA,qwerdftyuggg,434,374,324,True,False,False,False
GRANDMASTER,fHogvhL_r3veBeqzkpOm3rhWIiqYzzoj7xP53kmiFtHADLw,a93cbd98gy1gcign,541,492,456,True,False,False,False
GRANDMASTER,rZGKcZxnF2UlUA6qxq1rIr9YqnVP1izFgdhGvvsMKE15wEA,zz bot only die,204,77,47,False,False,True,False
GRANDMASTER,r5DB7nZ3pihOne4OUDFeIoH5bk7ufSjumduXreeJBfFTSzg,      E       8,143,255,244,False,False,True,False
GRANDMASTER,YD1aFstMBXnkciCrGFDkHOuJMmgVbp6-gKryUnPU5v7YTv8,MS77,235,224,205,False,False,True,False
GRANDMASTER,LPeKUn31R-1nxuoIQcWBDE9r76gLfbYVghHrgCsWBkgoUQ,wootaeng,430,227,150,False,False,True,False
GRANDMASTER,k46EwSOjNT3qBW-zlAvWlINslOh8G_0OB6QTPbWmj2m7I3A,ESsibasakiYa,212,110,91,False,False,False,False
GRANDMASTER,nZbHAXAfsRQvj1nWFe20z5ik3-FxHOayFRtyJpoE-6D9kA,저 트,302,246,216,False,False,False,False
GRANDMASTER,tGG4pUANPYhvB3tSu41Uae0TXMUsqer6DENtUartNh9fPVg,취향특이한도구,420,124,103,False,False,False,False
GRANDMASTER,xh1Nr5pBSbZynmIxZazX0uULbM4CWT9pfUY3v_8VZxnWMgo,ANG TV,338,476,457,True,False,False,True
GRANDMASTER,BmHmfK-1_lJGhFMVRhgz-yP53kzJ4yv3b90EkW8rFVKNWN4,AF 으아아앙,351,375,358,True,False,False,False
GRANDMASTER,Eyg_t4lkTrcviHlSCjLp44rIhCal-0Fv6412R82XjHVhGA,겨울지나봄이오듯,497,242,212,True,False,False,False
GRANDMASTER,lIHYffhW1aGsW2LNkHw6u4pbzCOi0IJPpn8Wv5bg-OwpEA,Hide on bush,457,176,163,True,False,False,False
GRANDMASTER,nSj-qGCtcHIfScPOQnP5UmYAo2lLAUWST_ZagCtS8FdrVw,단밤 강새로이,228,370,351,False,False,True,False
GRANDMASTER,weyO89jLDfSeXuwwu3wRSxvgQSCnoXAIAawGBouTfpB82I8,zhen de Ian,558,131,94,True,False,False,False
GRANDMASTER,_4LItPesPylhWupcBFg6J11JSr0vqm2EMJtdWteHmNI4wVw,ggggffff,501,137,121,False,False,True,False
GRANDMASTER,XwLjcnfKgN6_egbmVnmip2k2w0GiXt4WMd60HlHQDTOCt2o,유튜브이성진,325,138,68,False,False,False,False
GRANDMASTER,eX6bItBRl03vnkEh-_ADh515qagN-mqKvJFJfR2eKNPv8C4,8fenzhong5ji,559,144,113,False,False,True,False
GRANDMASTER,dyyw0kRFUxryHQzmu5LuddXsOIbqV8BhY0K5gxca-R0euhA,김데데드리프트,272,118,111,True,False,False,False
GRANDMASTER,UQLeMjITloVkOfPhQGCyC_vhSnE3nu37uJbjC8zrHUbjBAs,Shadowwannamoney,227,199,181,False,False,True,False
GRANDMASTER,A7KQANjdhPUbfwb8L1liqzRmAzE8qbP-H0CgaahyjEWwnbg,19살무직백수,345,342,262,False,False,False,False
GRANDMASTER,IsJfrqtSHcnNcpeE_6oAOv_hCLNAhau-EIX0dvrLwCK6vw,혜민모찌,362,126,82,False,False,False,True
GRANDMASTER,KpDUGEtdM63D8RC0Mv3LGKdqdM1EUWppTdCvxLTrzzHjDCY,외로움자1,397,220,140,False,False,True,False
GRANDMASTER,U_ON6EsI7luLAS_EkiNMinrwhtqb1x8ARhchuQXL0zpt3I8,Aseer,276,343,330,False,False,False,False
GRANDMASTER,VmVgcLTEAhUbE34S-gNzW30EZR6z6KXF8mpnC2b8-pF0MQI,치 디,342,132,70,True,False,False,False
GRANDMASTER,wDJMd7INn_e7NB90y_YvSU5UgA-slIG4_sBlF7veuVn9_xc,lIlI11lIlIIII1ll,253,173,144,False,False,True,True
GRANDMASTER,XJWseTaAXhAFck8wM4KXdeuFKc7Hu0DHof6EL5QM4dMPaR8,fire game,498,125,102,False,False,False,False
GRANDMASTER,eRj_denkx7oicK7u5orQhVwY_vcW6equ8PvHhMUezPwfomE,Go Away,315,300,271,False,False,False,False
GRANDMASTER,PeL8EoYFg_xYiWXrCo8zAeLMWG9vNsYfjNCUAKNKN9mRVN0,feijizhadan,488,371,358,True,False,False,False
GRANDMASTER,gwZdUbQbhkCiU8WnK1k0SGcUPRBbiNehMepsuOYmcjH5LcU,무질량,226,175,153,False,False,True,False
GRANDMASTER,w66vhQGvi5iVklGb-lc-StXFXGFkIzrVnSPMXaNVPwi20w,절제미,207,141,121,False,False,True,True
GRANDMASTER,XTPCAOzNAKIX3pUcZ4H0Q5XZJ0dMX_RxE-tX5xXWsOqz6ac,쓸모없는 돼지,301,275,247,False,False,True,False
GRANDMASTER,YrZMD3-a9_Pw1e2nQaE75vtRNxoNBCGvcLrFKMoDuqHM6tE,OZ ian,450,196,171,True,False,False,False
GRANDMASTER,f2j3aUjBZO8MJgUqfgGHbuJ-CkXyjDtN8myyaXTfuVKDBxg,krats aira,539,114,96,False,False,False,False
GRANDMASTER,iGfzf8l5mcrOZaCCOB4a6o87kBcI75pSBKvaZw2GrB4VtJs,0dada,357,87,63,False,False,False,False
GRANDMASTER,Yb12yDiQdOzIXGBAUx3hAWCjZJqPPWcafSXRnCbM_cUZng,목표는 트리마제,132,301,175,False,False,False,False
GRANDMASTER,mKUobxxxSUL_E29jB1G1rdcs9E-3ieLwvU_4WFEm-gRrhgM,좀비맨,464,86,56,False,False,True,False
GRANDMASTER,wbgrYhKyZPrqtDi9FCU6Wpygu4fJi9XxHKsORnT82dcejhc,Mei yang yang,264,416,410,False,False,True,False
GRANDMASTER,kEYGe67Vgd38UwMGFilkYVbPuo4mqTHVDyx9OIf9b1AaSdY,Crawl forward,231,77,53,False,False,True,False
GRANDMASTER,LjcZIc1wEyMCfn45Xa4xs5rDAFJ4wKMDc_Qai8cmnbs_-lI,DFM Evi,347,189,169,True,False,False,False
GRANDMASTER,4WwYD8ct5lyEweyqJGwkSKWInxSRZXPEgXPJbdtjob77LwI,Remember2234,323,84,57,False,False,False,False
GRANDMASTER,cBbVNRByqdj4_IqIktzG1PpSeYG1lMQxLW1YWwMKRbN-PW8,라면은물붓고3분,337,83,74,False,False,False,False
GRANDMASTER,0ncYsKTUk33b_a9mnWE3GHMa8kZgMEiTCrHF5JKxgZTVow,DRX bubbling,467,225,202,False,False,False,True
GRANDMASTER,9gzTUIjT33ks7Z36whhHwx0035rSHx5SX8B1NAGVg6ybnfk,이두나1,390,180,160,False,False,False,False
GRANDMASTER,tdJf64NjPsRa9JCLu5I9hnrcKMNMdLmT6_D66P1gLISilVs,reolreol,398,286,253,True,False,False,False
GRANDMASTER,_Cr4z5GvLvvGT5ceCkw75jc7kab7Z5kieLwwtRMU1Ax6MnE,assassin0,355,178,156,False,False,False,False
GRANDMASTER,OpqfvdpkxoPgGaAPO2vwWs7jr0PFJGbTrC5-FiCExSH-Ix8,애디의원픽류으미,262,443,433,False,False,True,False
GRANDMASTER,g9OSoXpmegXw0mG-7t3fXvvMXX6F3khLab3HpqZ9xp1U2LU,zhong men dui ju,560,231,191,False,False,True,True
GRANDMASTER,Ixorb5YCBW1Q3T1S0xJT8V2dOBrztIiAk8_qf-ZLfQBSblQ,The Marchen,249,86,91,False,False,False,False
GRANDMASTER,lzSM75_sfdR7Iy4QibukDKUDXmceznhztzO4dgIlYafOXdo,vcvcc,311,143,121,False,False,False,False
GRANDMASTER,CSIPSvEBKpJ_L0gRCbU21xY3lZCSvQtfD-p4l4NxYfA8Rg,한화 큐베,312,249,238,False,False,True,False
GRANDMASTER,DZidZpsRIPrlDgrL2VzrXWYxdg3qU_OsItrUtQsgNptwsQ,Belief And Faith,245,159,124,False,False,False,False
GRANDMASTER,wsPowQ_nR3mF3yrSMdGoPFh53UEMoVuuIhE9x4K1BYG5LII,szygszn,485,379,359,False,False,True,False
GRANDMASTER,p3MU7GzXAoJQekV81cECb4uuDihL0boFRLWy3UOueXePkPo,Inory,205,332,319,False,False,False,False
GRANDMASTER,Il2I6Ef1RZCXl-X_29zT2wZ-nZ-HX3xUPCR2rgyHNfgJ-V8,식혜성애자,184,195,183,False,False,False,False
GRANDMASTER,Z3mXRjoxtGdaARvVy-LYr7NmA9bn0Zttkr8ZWxJlhhxOuqM,백색말처럼,482,308,287,False,False,True,True
GRANDMASTER,Lr2553mGVgPCyOel4yPfAFsaAiZfjIzBguupMg3_OnBHzo4,xq sportlitex,284,130,89,False,False,False,False
GRANDMASTER,h9PA-YIQknLy8tD40nGsHZ2-Uk-iRT7gMfa3e0ei6jGaU_0,Masiwe1,391,175,150,False,False,True,True
GRANDMASTER,kI4ghjlcHQhpIb_qeOf1R4BqUwsAWOfJ0Nb00MP-RL90ST8,m1koto,259,100,87,True,False,False,False
GRANDMASTER,m5ibxf8GU68tQ6bXKOL_sh4znR0LSeGI8yQ3exYeXHvT2lM, 황 시한,324,233,205,False,False,False,False
GRANDMASTER,Sqo5GLmtxvfKmDCTuLX1iSyQ8wgi5TQ4pr7dMy8HZWIADZQ,koe7,462,485,394,True,False,False,False
GRANDMASTER,YV2SK5dH9mxqqxMdsnsVyu26Y7uKyijUrDvlsxZ0cBxNc70,poipoipoi,196,209,190,False,False,True,False
GRANDMASTER,7E4QAlDt-P4qGkwb6aTxjFLJLZoZZXwbJkZQiCfv_MTltHU,pupurourou,197,183,164,True,False,False,False
GRANDMASTER,v6za_G8qHx-ZvHfJ8HyJ4jjpjx1F_Gb_4mng-uYRAXSnhJs,Gen G nyx,423,465,456,False,False,False,False
GRANDMASTER,6RFR2p-hSKpP2R5W8F8kudYx37iXPQDjc7Ja8KR6RV_hT9Y,yilei1,610,170,139,False,False,True,False
GRANDMASTER,99SgjB16YtY3qKl0RPE-Kxbk5qre3iEzP-uUc0D6kx--TZA,tiantianquan,511,253,235,False,False,True,True
GRANDMASTER,vtIekHfqnkrovlkXq7hdhjbLyt3VJTHqJ1fBobITUsqopZ0,YJZZHHWC,346,276,241,True,False,False,False
GRANDMASTER,3orfzuHTmIGuS9VoLH15DpgxnfKz0ZNq8VugnCoL0oqVNus,RW Teemo,555,276,243,False,False,True,False
GRANDMASTER,iwQCLTh2gudRiCG4Wz2CXVuiQPNg9jj1xGgZ3tz0AB2TsP8,하이용,550,133,110,False,False,True,False
GRANDMASTER,UoRJDZFSc2AkJRM8WrKVoDqaKxmmRPpV0r0CbdxRvadtfw,1등찍을사나이,222,199,176,False,False,False,False
GRANDMASTER,KnI0UXhFOkhwdhpJw7f8QDtV5ad7tOakna2ob_fBPmIRNi0,얼음빙벽프렐요드,375,296,283,False,False,True,False
GRANDMASTER,Ypygi6cUqePF6_DyWR8KaYfnS8Ptp3-7-D7qsb6ERHNb4w,SnowPowder,547,132,104,False,False,False,False
GRANDMASTER,TCs_VErZpbvFbz1oyH_pxjH4OmnEvyYKKaVWhvImcP9LHA0,impupupu,216,230,211,False,False,True,False
GRANDMASTER,LRXLXhFcq1mH7UFl8m9sPHXfx2sLpCnzbnFeFL9BSJSzSCw,코 태,566,92,106,False,False,False,False
GRANDMASTER,zvkkvMaJASYE28CDkRCZUQa_0paHhrrTc5ZCXqrtFZrUzjw,PilchaI,451,413,364,True,False,False,False
GRANDMASTER,EK3hPmFGZJkt7LP6Y24mzkyBQaDIP32vBdbh9qiY5kp-4Pk,KT Ray,486,447,440,False,False,False,False
GRANDMASTER,sYyy4qK0Zqtqn5XCX_aZg7vaOXp6urUZbnbmNp6ruXG-ypg,핑잘안보는사람,354,402,379,True,False,False,False
GRANDMASTER,6X0zUdojGIjrQ-RvlnnpFO-AgnIGYeVMC8W8EvFe3FVDKg,타락한 밍구,356,268,279,True,False,False,False
GRANDMASTER,jfu3ti7sYO6E7T3wFgJkXg8wGroaj_UmWmb7aJqHKs1sO2A,리그오브래전드ll,486,468,442,False,False,True,False
GRANDMASTER,zdYUk9IYP1w2ItLwmv8TKXXSomQTgfWAraC3P-TWfbrbWA,내큐를바드삼,288,79,53,False,False,False,False
GRANDMASTER,85hDbl4w5_JAdN13vq6l2l4ruxiIBkjFNZlLGLka8el8dzg,Undone,455,124,103,False,False,False,False
GRANDMASTER,gngjuL2MAoh7av_7yjugUy6SdcVm3_h7fLRTJTFKDIP44w,미친놈처럼게임함,427,270,205,True,False,False,True
GRANDMASTER,lzC8zjAsitM_0rUTQhaXTUj46s545AkBigtCVlybL0lGw4A,zhuimengchizixin,543,226,185,True,False,False,False
GRANDMASTER,vC2ZCyfjQFQOdNvV0EkWnSTMCTul8RejWP1ejaKmDp1JDdg,이규원,367,193,120,True,False,False,False
GRANDMASTER,7bbSgZhznRst2Yb4WS_Aq9XToGHPDRU1u8Q2X2xiV7EJymw,Raging,273,239,217,False,False,False,False
GRANDMASTER,XGWofAx6cAQuIFwyQv1SPVQKQh8U75Kwgb1y2eyasgEAWw,병권좌,429,115,123,False,False,False,False
GRANDMASTER,lxNWBwHGYNdZeBmF3uIIu3IJvC7htWvpwsmdFjhq0v0fpA,재미가읍따,404,202,204,False,False,False,False
GRANDMASTER,8SU4IaKlAdDhE6TsJmLOtillA4cxxKR1JbgjQvwn9btRx3U,sgpzsp,541,214,194,False,False,True,False
GRANDMASTER,Dp8CvYoQ1HG8SM2q9Q3htnyekQTENdDLlaBDxmHkcUpY7Hk,TudouIei,213,142,121,True,False,False,False
GRANDMASTER,qibNsMKs4vHAE_ki_awuebKwLp4_8TqRAn_54yf5cYE9h3Y,알파몽,425,107,80,True,False,False,False
GRANDMASTER,HhxT2NwHCAl6ishY582pDjThBcpnfKhlIBllc3gIKnSTBWQ,도녁갓,242,349,328,False,False,True,False
GRANDMASTER,Ir6JHKRwFJipraIEmwOFQYrN8BAmRUDVoTX7yKkamUeI7Hs,ADaaDDaaDD,329,114,84,False,False,False,False
GRANDMASTER,ht7oc6-P51s6g8LvYTVB-mKaqbOxflJAfDSi7cL5sLAeP-Q,zhendiao,196,122,107,False,False,False,False
GRANDMASTER,dZDscUlCy15lDO_foKzBsan44alCd_gbGqNs91eEsQNw_A,요플래,474,274,251,True,False,False,False
GRANDMASTER,oJooJALkiVa9rOD7lIK63ra4sTs2krVM1QwBOGHJIOWl0mE,mangseorijima,320,226,147,False,False,True,False
GRANDMASTER,PqyhCkez0qc4xQqZEWBv5Bh_rQU4Rq1KxqIpkIgALxgOQNg,X1LANX1LANX1LAN,507,229,202,True,False,False,False
GRANDMASTER,pHnKBHaPk12KDpgaA8OkMjqRyzP9HDOWdMNgfvJ0HuKx70Q,huya  cry mao,420,200,183,False,False,False,False
GRANDMASTER,R9-ds3fOv4jyonpjO4l2kepOnN_J_BExemoYiXJNp7kglbs,19 Again July77,225,254,238,False,False,False,False
GRANDMASTER,s7QXXYhOGf--lA_SqOgPzDEzPUj_1XKrKSGN5G1b4r2HD2M,s ya yu ,326,328,294,False,False,True,False
GRANDMASTER,QtdvDyYqU-MbYbHrQJ_cZlWu_2dRYgMo0HSW7BBq5e1M49w,이 차가 식기전에,240,285,278,True,False,False,False
GRANDMASTER,nlDkp-dlW-EhZGtHATmc6q6t6JHs9Y_U13xWFzFubxjw5-0,li guang wei ,317,90,77,False,False,False,False
GRANDMASTER,xPJ8IGBs0I6l4ppyT50e48gV7oQEz7tVqMnRRP8iHSKbXNg,일산 리정혁,248,234,216,True,False,False,False
GRANDMASTER,eCsRPqkjS9KuTCyW7z7f2p5CX7rIxnFBnydwt5bjtNUoPQ,Lactea4,513,476,462,False,False,True,False
GRANDMASTER,42W5E98r-sCf71XUoRkRZDuCvnfCnrCCj6JWUqMupiPtP-A,Mocha,243,247,235,False,False,False,False
GRANDMASTER,OW2nl0h6RAJx5jJJK2PH4bcxr0iraa6IC_APtNrN6JwBmME,ca1m down,306,312,292,False,False,True,False
GRANDMASTER,OuJuCr-51u0wwIgFCiR1-w3b-V2IOHuQYVWwo4fPyPWGWG0,귀여운 현우,293,64,41,False,False,False,False
GRANDMASTER,k7SJfqwTikh8atvukA6JwVTrXdRQuzCURr2fy-ak1RogrCc,Hegzzz,355,325,253,True,False,False,False
GRANDMASTER,pKDgrjVPCg_DhxFOXiSASLKV7AwK9SME2VMo6mr-me2GJqA,Luuv Letter,601,470,416,False,False,True,True
GRANDMASTER,QAMad8AuPJNfDLAGQbxQPGVn0v0HsN5XJhfxMPyLmRqVkr8,DGA Dalia,578,224,190,False,False,False,False
GRANDMASTER,wvmw7hGk40OS9JDCIAsSK5o9WNxOpuafYxepQSZNnt52QA4,두더지형님,472,414,427,True,False,False,True
GRANDMASTER,cwdXOAbUDARN-ryv_GNCLmamN3de8qdQMYv0b2DXKR-ZGsw,By 불비,455,254,234,False,False,False,True
GRANDMASTER,4pCGHSM5ZV0KnIpJY2Yy2RvLckj3Er_GtMEC2JeWnqpdp_Q,긍정적인에너지,433,357,333,False,False,True,False
GRANDMASTER,-SEhh3NJv0hP09mW4aQ7vVv-UdPlryCqYeHQCfDmQBbJY-E,zhen de lan ,530,255,219,False,False,True,False
GRANDMASTER,8DQ6bN7IWO_F1U8HodjTrT-4_4x1zCzfVycsCAygY8lF8Ow,긴장하지말아요,285,122,102,False,False,True,False
GRANDMASTER,jZQ3twXW6IJuq-iS4AtThGVahmzw3AQuIJS9FuVl7hieww,divei,264,140,123,False,False,False,False
GRANDMASTER,2OrqHFQkLMTmXoydd6Oa4VnQn5oiuo0HdmYzxvKr-eJ86LI,BEASTARS1,580,144,117,False,False,True,False
GRANDMASTER,aFYaojXinVXXlWQ63PVQ75EGJB23dFAKZ_zgQfBZa5F0pQ,Buoc,327,212,168,True,False,False,False
GRANDMASTER,O9_2sYFTJDdF2K4OgwuK4Ylgm9xVPBVKiafs3G0i4kbRVt4,보람고 정민석,487,115,83,False,False,False,False
GRANDMASTER,Vzh6vYSRd-UWY3p0_qcJipdtji73iNgqxlq4c335cmleFrg,내가사랑혜 선,340,119,50,False,False,False,True
GRANDMASTER,I4BVfcHjC_CY3bGC9QgwqvClE8ZsAzbXyD-hrih-pVupejI,카레여왕 엄승현,275,174,159,False,False,True,False
GRANDMASTER,DleUsuYbuXNL3CLeYMFrIfna8BRrWQnaP7HeMaZSNF76afg,김머띵,184,131,119,False,False,True,False
GRANDMASTER,qC_ar784A8J2PwireJEPC-UGqzWDygJDjvl13x-F8KyS1u0,zxcxvvz,266,153,122,True,False,False,False
GRANDMASTER,kgkqm7Uf2v9-FXwrr9koHuwAoLZzoxnUREPEchIG7Kkayw,닭 쳐,245,131,114,False,False,True,False
GRANDMASTER,ejH9DFA5SO9ZFzUhWt8liT5T_xoWXAZQDav_TqQRSDxi1YQ,all suffering ,244,175,89,False,False,True,True
GRANDMASTER,1GbeBgKVM1XJbc1_5KfRkHWb7MKu2CoMrq1v0Ju6_T7igKE,H2O Man,566,182,157,False,False,True,False
GRANDMASTER,Tuj5N_R1KxxfGWu_4BINUIxb9W0OPzgd_z8j9yiR9ePrkA,Cherish myself,348,151,114,True,False,False,False
GRANDMASTER,rtBTfMHftP_9Fx-XGwOMuL2mctzxha4W_DfgKFicKrniDg,새하얀 thigh,278,187,159,False,False,False,False
GRANDMASTER,U1n3hBJUADT3jSYkjU5IKgnEPIY4hldmjAYFstZV-xXiE9Q,OZ Bluff,271,243,231,False,False,True,True
GRANDMASTER,kfjegn3OYqFUIAfQmNWd_vAJ0MzA6GGlLkW6qMslqZIzEuk,Sei3e the day,297,150,148,False,False,False,False
GRANDMASTER,_Dd5-DeMysuyCTL_pWArKR-5Wuf2ISdvQRFor4tCPJAtsa4,펄스 Pulse,204,158,140,False,False,True,False
GRANDMASTER,qCGNTeyM_Zy_Q28DusXnMpSj2lbTUfTioC99srOMREIlRps,Gen G Moo,675,204,165,True,False,False,True
GRANDMASTER,jtHjyM5ERZ_HsD7LrpEDnr5zVq51vM_i2vilsu_7KPi84xE,슈가몬,220,259,242,False,False,True,False
GRANDMASTER,QHmUjsGZkeXTSkxQltQKmNgaEGJMev6zLIsz_bQ-ESqAl1U,fantasy44,503,268,239,True,False,False,False
GRANDMASTER,j3lQlm93jA72sxzFonAsVlRbjqOgJpPG7X2JedtGgra0feI,영혼 막대기,577,349,319,False,False,True,False
GRANDMASTER,J5_3c_Mx7kGeIQAUQ6c4Mi1oyxUZTu-CXR-ZPzj-mUXC8w,Sup1997,208,120,101,False,False,False,False
GRANDMASTER,NUDUGtJ7XU-ByDx55sfF_MwR-ASHvrXGf5JsDYhitieKasM,서폿 is DOGU,357,70,44,False,False,False,False
GRANDMASTER,QJ5cCdbt47365XHpdyxdDRL9btnfZpNefm8iZZRmO7_rFg,DODARl,313,124,88,False,False,False,True
GRANDMASTER,mxr4qT6vk1kFnonm4aOchwhPHLpLfBlQGz3uEJ08-F0m88s,xzxbzx,367,58,30,False,False,False,False
GRANDMASTER,PZUdVKsEI4udAGOPUD3WY3X8buIfH-S2cRZ_YdV1wGHVnWk,YunaiQvO,171,247,227,False,False,True,False
GRANDMASTER,R5JKXw2MdWy_2fgKLp6wRQBwlr1lGsYHXqnUu9Q5xtP2xpw,xin dong yao ni,490,191,169,False,False,False,False
GRANDMASTER,laHmTxMU17y6RHlQWlKLxTkTEdc2VXcOEyAn1P7MYnBe9Y0,진라면은 순한맛4,431,264,238,False,False,False,False
GRANDMASTER,ZnJIlDWCHKoSn-fuz952-y7S3ePn5qBnIPFMjvacJZkhMvE,쓰레기중국,309,74,53,False,False,False,False
GRANDMASTER,Zw6x5t80dyGd7-UU8eunxCCraAMaMbYXV_gb_PTo7GHn_ks,내 플레이에 집중,255,243,221,False,False,False,False
GRANDMASTER,ZRydDmjXTTD23zEMPRgYtpcTKYRYJJGewXtosZY4GKOY2yY,코코볼쩝쩝,333,214,203,False,False,True,False
GRANDMASTER,_B-Oo2LrZicG8kAE_J6QUq93vroqSR5EWxUF0TT5O_DJr7w,BRION Wizer,302,103,93,True,False,False,False
GRANDMASTER,z7ICDYvN1VxA4BKfAqiEYm0_oFF5Y9iomkKBhS3ndbIdag,CCrazy,277,220,210,True,False,False,False
GRANDMASTER,rPbWrwW3rjplcyHOPnzDm-wZ98gEaJHAQM2dH73tzQRmPLA,PESK,253,239,224,False,False,False,False
GRANDMASTER,D7ksYMzEffg2_kFTcQndJ-YOGIfZY54gPA3n7rpEujbYc7w,Howling Bigshow,310,336,325,False,False,False,False
GRANDMASTER,HxezWqlzroixYpi3Lz6Yqm6NwpyU07pSI2J1h-O0tLS_Jco,ShuaiGeZhenLong,393,347,322,True,False,False,True
GRANDMASTER,J3hJRvfSti8C0t41OyEkdgO3XR810DMeY00tHiJfqn0M0Q,압도적인,215,76,85,False,False,False,False
GRANDMASTER,oXHc2IkvtGh6xo0hG841_SS--gs-NNZTbKt5eKl2xFwslZo,me noob sry ,266,131,118,False,False,False,False
GRANDMASTER,RmjOqrx2TETeyFO2rtOjNPd4MQfcIByXsUa3dLN-7fTAPyw,misssi,381,75,51,False,False,True,False
GRANDMASTER,hIoVo77NlwaxnNPwCfT0txHdd6IaaudStLPKe2tIOVVglpI,Yun WAY,437,206,176,False,False,False,False
GRANDMASTER,RIlSKElNcaDgWExjgzgU3xhWDew7pewcL8bckWlvE1FyrQ,Lazy man,208,200,181,False,False,True,True
GRANDMASTER,b6zzY8IfREsQOLOWtyQxnzHuJSWH-bbBVZ9w-f1gO_4lOw,질 듯,237,320,306,True,False,False,False
GRANDMASTER,SNb4LFSnKmpjT6PX0MyXzDAPkREWnT4GCw8GpnNLZTpI1zk,sry me noob,412,159,135,True,False,False,False
GRANDMASTER,ySpfSJDyO7LrTlhbspD7bdl4N6wPyLOl7PosIlOaI0jWOtY,진지하게 대하다,296,420,413,False,False,True,False
GRANDMASTER,jS4CAyjrRJB5J_bSdU-rScV48SE77GXO3k5R0dGRzQ-gog,daydayupup,311,87,73,False,False,True,False
GRANDMASTER,xjflnzaR034iLVj-o0O0hJCJ4JrBHPBxc3A-qcV5pQyQpao,Dream man,391,331,310,True,False,False,False
GRANDMASTER,ThRzvrOhutqgtpYkGWCevY2KfTJjHMl3LA-JuRRnKuMssi0,rknb,329,240,146,False,False,False,False
GRANDMASTER,o8GJwHNYb46cB7hfiuyhyLZ4Vju3SxwD3lTvrdlxCl9DvL8,정훈이는 못말려,390,94,96,False,False,False,False
GRANDMASTER,bt5AOPoXuo1F-YF0r--V75BQzR8hVAGsXLCxkHNU1c5fkA,안양흔남,243,243,230,False,False,True,True
GRANDMASTER,ysalnIneCq44gRTKR-Nq0aMkO4wzyF8W_bo4msLtdpfljQ,킬러톱,385,278,247,False,False,False,False
GRANDMASTER,3jx-hFX_t_O9uN2tqVRVkc2w14qXSygvoHlEvinJ0E1DoFo,gIhf,362,144,130,False,False,False,False
GRANDMASTER,uxfCQmQvaWX1hc_wPCd-vsV_widh7mX4GwqU4fppcrMyNOI,상하휴상하휴상,375,252,212,False,False,True,True
GRANDMASTER,C2UQiw-4rP5KPDdoYj5rEpWHgsuty7pdiqpK5cHOCNx4g8w,추운날에는갈비탕,242,184,146,False,False,False,False
GRANDMASTER,keGhLr8Q2mxIKfdrpjv8MOSDHXT2TxsBh3Ully__sIl2yZA,wheniwasyourman,240,339,213,False,False,False,False
GRANDMASTER,mfItflOb-hkNOlU-Jl15SSzFFb8ayzm_BbgUb_eaYlLn5w,울부짖는질리언,237,115,98,False,False,False,False
GRANDMASTER,Xh1AUVYWvOB6nbQjFxm-nW0ffnRTNAGIOIQIjvUYETisTMc,S2 Doinb,345,282,260,True,False,False,False
GRANDMASTER,NXabJhcRDZMUBmMLdSWacIBzcS7RIJf5ufV3XppQBgkb7rY,2020 1월 27일,265,117,97,True,False,False,False
GRANDMASTER,fFbJIPTfWVf0c5fx8C8x98Ri03tWHDylg3bBeWYwYJBazD8,맨질맨질보노보노,380,458,437,False,False,False,False
GRANDMASTER,V9czsCcYBpM0IQhQfD_kYcgKAuH6KyA3Jvt4b4w7cMkFFUI,li zi wei,301,242,216,False,False,True,False
GRANDMASTER,HUeHZNBhVnwqufXl2nw4JwnLU_JT7UIYffSx7RjkH4F6w-I,Heimish 곰이,363,83,56,False,False,False,False
GRANDMASTER,TRovoKtMGRT5cy2gaA_L_QV66bGyGqDRweelidBBqTbLxvI,SRB Bini,586,163,135,False,False,True,False
GRANDMASTER,0nYFeXT8eLXGywZ4RC9QpatmQSolh0mdxFUbne-lvR4Lcso,H core,256,164,148,False,False,False,False
GRANDMASTER,eK9GaT16GXHBbPn4kh1uCHjPJXkiTsoGvh3PQxc88O9HC1A,Inner Child 4,380,90,59,False,False,True,False
GRANDMASTER,W5NcyvpI7_TH1y53o4bXyX7iwGfdHMVKAQiuLDK4I9fgfH0,EDGY Pout,334,297,278,False,False,False,False
GRANDMASTER,S6ShgMw2AU3TRVAGZhKA_g8wR5xmEn4l0xHF-XXLCXskwmM,5Kid 5Kid,283,235,213,True,False,False,False
GRANDMASTER,VBh05AeN6SgGmCwwLGyvrgVqCEyN4OTNhuzI4B2cECm7Znc,어 설,534,365,345,False,False,True,False
GRANDMASTER,cJ1g_5-kRq8eqHY0ozmsoFTmSVTjjipg3ycGtDNSbsHrB-4,SRB Harp,563,232,209,False,False,False,True
GRANDMASTER,_VOZhXCAAD37EcI1l-buMsGEf9hUPqjCiG-fxQM3PEcMVXw,삼구포차쭈꾸미,252,167,149,True,False,False,False
GRANDMASTER,ld0CWMnOjTifzWoBbLo3Zv4sUHfQNPK_ISBN1QXQAeL-LQ,Swordart777,481,206,186,False,False,True,False
GRANDMASTER,IUWKbinDoCcaBcokvIw0Uxv5RoXETt4HPXd4u-gfOXVw3Ow,Jianguoqiang,456,250,228,True,False,False,False
GRANDMASTER,Nplk4_Aa1tq3XuaAkIDvW36QoPXuaevnlsS5op0r6sDwRq0,넌확실히강해졌다,418,118,92,True,False,False,True
GRANDMASTER,YZYLs6RGfxUZVFPBmMRKPQ-8ONYTIoTJ-oEUi_81EGIlZrM,이도류,576,260,241,False,False,False,False
GRANDMASTER,JNLZKlF0TxysUQ7CMbIJud_660V-tjhJfV-UTUBRwdfMEyo,Kiirito,603,162,122,True,False,False,True
GRANDMASTER,bEjO-f3O3B2IC9LsFR6-BX8rliu7dz8LQjcBp4ORDDAERLg,Kim Sang Hoon,446,133,129,False,False,False,False
GRANDMASTER,suPZntMSeR82Iw0FdtPBKE1W43Lw3Bt45EiZ8pMJJ69LlzE,qtsupport,325,165,143,False,False,False,False
GRANDMASTER,zZIW4F81yVRD10WV6u67jJN7TBDEy3OTlRMQ3s2wMDOHxRI,Excuse,303,266,250,False,False,False,False
GRANDMASTER,ikhVWvOJ8MIIQNA5WZSqBHujl4gWcwf6V8XsjUfXrzfAEg,kwaedonanmasunqQ,217,195,138,False,False,False,False
GRANDMASTER,i73TNNHp_UwO86YQrIh7Wc7k79uMe6x5llwo8WEhnNkeCyQ,Luo Ya Xuan,190,89,81,False,False,True,False
GRANDMASTER,r0kZpt4WZi37b_BM0eaJWSkv339j9STt90mcqD4dPCrxYSM,햄이너무조아,242,115,85,False,False,True,True
GRANDMASTER,QCXLLHL9l9yfYIVe4yJ_VAVciww-numVv0gZeTrCoe8yhPQ,그때가 좋았어,300,184,129,False,False,True,False
GRANDMASTER,0JNWjbXj7_eIt7LIbam7SP6B2T4QT5hlFYJ09NxSTEP3vKM,Last Sunnnner,519,100,58,False,False,False,False
GRANDMASTER,sS2S0mKVSaHcA5QUTHOcusDkQtAUrxzi_3GJRQhOOQ2KRlQ,어둠속에빛나는별,502,76,36,False,False,False,False
GRANDMASTER,HUMyfzu58dvpa3cIrh44CRnVj7Yv20-X68ZnxsoItAQWq1o,맥스 노예,544,254,200,False,False,True,False
GRANDMASTER,qZmmUM9rfjOIt3qJIZEQ2IZ23DL6PLanvbZKJ4mYO89Hbmc,나만 봐줘 제발,232,382,363,True,False,False,False
GRANDMASTER,hVbEahmDpwVdzPB3mf045yTL0NOtXIWCkJ2zTw_C707uZa8,크리쳐fan,507,226,222,False,False,False,False
GRANDMASTER,zrgttiBgDqY3E4srMXXGGRDlfMbDsUblEYpgLw0ImBsstjw,AD Vertex,214,282,249,False,False,True,True
GRANDMASTER,cdLui_b8cs2bNiCSUYvpZyDKSe4wgx2xHs_cJwJoTEZYx3o,레 탈,288,325,291,True,False,False,False
GRANDMASTER,bQa6G-Be6KEtkmaxD8FR7KnFu0k4lMukmzEZZIFIdVTIab0,롤잘하고싶어요12,232,152,143,False,False,True,False
GRANDMASTER,zqyV8GbWMa66JLcgtEpCW7XseO8tD98Vh6MKP9DdW0B8wYs,히키 승수,376,147,154,False,False,True,False
GRANDMASTER,mwBcTthHZM0X7EcJX40D-R8uTAGN_mGlezxTTTKs5TRB7No,뚠뚠스타일,372,189,177,False,False,False,True
GRANDMASTER,8zlt1SmJ7AOEaz9qyZOEHrPlnxgVli5b9pltl4vY8Zw_5dA,mafeifei,208,243,185,False,False,False,False
GRANDMASTER,2Pq-hWlQCVUVGaqI5_NoqF1ultt8CQJh527RV1V0-IDiaig,컨디션이곧실력,385,402,416,False,False,True,False
GRANDMASTER,RsE4NF4MIWhTTqCk8U6qSO9_Z_aMLkLonAL5lDF-JtD91lk,yan cha xp,520,147,111,False,False,False,False
GRANDMASTER,_wtY87QTiRNn3LJQedr6aaeEYjuoZeFf0QP7BDB9IjL9UOs,맘스터치콘샐도둑,188,52,24,False,False,True,False
GRANDMASTER,obgkzdNFHysm7NZinhmVsQS9FM1PqVmNkzTgTKeTs03ph6Q,5Kid,315,104,94,False,False,False,False
GRANDMASTER,ybEt5BoOuW4PcRXP29N-O6yXNkq51knZYZwwJWNDhRenrUo,U Han,227,157,139,False,False,False,False
GRANDMASTER,nQeZFmOV3xnpqwPU3gnm2QbDtM8cUHcYyMMKzRttjhJGkw,멘탈좋은트라이,287,463,443,False,False,True,False
GRANDMASTER,TeW8eCGeN1vtkZE0ctF-CHHW7gwWw0W3PVVqkZOrF8oESOw,Lab C,317,136,110,False,False,False,False
GRANDMASTER,DJHIfTNuqNeNaYs0h3vSJwhQ3eaEPk1joLpxmFenVqR9d_0,DRX Pyosik,652,348,321,True,False,False,False
GRANDMASTER,0A_Jz7DeupJC_LU6aVG-EYEIOIdDsTBi42fcbdUkaKYp8uU,Blank,356,91,75,False,False,False,False
GRANDMASTER,aI2mL1nRJuwtgN4oIabu_2J6CjORHNiNTpLr78yHD0qeFyo,잼 비,246,148,136,False,False,True,False
GRANDMASTER,pbzP58Esw1gq4AvyoYc6FYoxdw13-jxZVoirIwhRih5D6YE,Gen G RueL,466,383,362,False,False,False,False
GRANDMASTER,pB-XVk2Aon7cHB-1ehAPsxWXfejhU_6RwEsxjqW8DgJ0m2w,dnmm,297,238,216,False,False,True,False
GRANDMASTER,issT1yGM3ubj7aHxYgtWCiWVQ09mvGYnZSzzgrLL7MiITVM,Morgan5358,289,62,53,False,False,False,False
GRANDMASTER,v9MnzgMyW7zt37sEoJMDRHMuYY34WDfFCs2UtRwEv2Jn7Lk,prob,289,75,52,False,False,False,False
GRANDMASTER,T5Lp42Q2x7v1tc_UqikP_O4YALOD_6vd46z8H1lEToKp8kA,Little Rook1e,328,86,59,False,False,True,True
GRANDMASTER,jspuWbjc_VAKFFp87UW0bisOeTqhzxx05U2BzcJesImXDPc,지은이 남자친구,317,80,47,False,False,False,False
GRANDMASTER,coF8OwEy2lb3q2rL70MQw0alLilKcY1mPc5aGRs5YPnCa9A,Momoko1,468,270,188,False,False,True,False
GRANDMASTER,hEeHvpk5JVGsrR_MtUoR65dNg5NTc_FJ-Uh_2DQq_X_QyvA,AF TV 구지곽,325,294,243,False,False,False,False
GRANDMASTER,trgX-CaE94srouXc2i647xcd8P8AFqY9RREYNCGRz0MtLw,ZhanQiSuSuSu2,195,311,273,False,False,True,False
GRANDMASTER,NLkiQ9deK5TeMcui_Fm6w6NLSUtkWcGHQKgC6-0Iv8r8ZcE,캐 인,365,171,187,False,False,False,False
GRANDMASTER,sA6EZpSs3JpodhSSJ_KSzkyDzS1ADm9gCE2PWJSBiJaA7zA,iyets,232,176,104,False,False,True,False
GRANDMASTER,rhbUGnMLQHdat0h5SXto-cPKoAB36qyoAJDLPAMKINRvghc,SANDBOX Leo,484,68,54,False,False,False,False
GRANDMASTER,B1yAOSywuiQ7APMj70KEmqwnjrzcXtcQCZZwdCc1Erj4B6Y,ELaB BAekHO,460,255,228,False,False,False,True
GRANDMASTER,hWHupfvwWE8Qcy7YtCLvbdJZzxTcunkf2Buzrw-E4RNec-c,생고등어,398,200,174,False,False,False,False
GRANDMASTER,pFcIwsgEunqJQMM1z_il7_NNmxHg09MBAbMEje1BG1C_91g,태기베어,200,116,112,False,False,True,False
GRANDMASTER,cWCoDBUWZSTVoTn-2xfmk7Dm1VrATxwWHlwrA6Yp2OPt-8w,멘탈잡자으쌰으쌰,379,478,496,False,False,True,False
GRANDMASTER,UDleoCzBc2Bp90kM4WBz9gP1sTI4QrTbEdeJTnj5nmDJOw,saebyeok,260,119,110,True,False,False,False
GRANDMASTER,wqskmboD_Uwx7otY2fkNhuHxEVdY__2nN8Z6byUpTNTUxg,APK Flawless,574,187,158,False,False,False,True
GRANDMASTER,IXPFoVv8AAGk74RZB3iWW3z02FcXTX4z9M4ciMJOBUgPo_c,블랙 키리,292,204,185,False,False,True,True
GRANDMASTER,x_pWzaiWmluAGBIQErYPeOOEOIEW1HJz5OfdXZBhCPhERiw,Medea Beliare,256,141,122,False,False,False,True
GRANDMASTER,HwhyRR2x2nUsX6x_8q7EDlTy2PYvQIq95Zl9OD45dAyAjwI,사신몬,281,104,53,False,False,False,False
GRANDMASTER,EnaTvHCnjt0mSa4jccg7wq977wKi59C4oC4aYl1_Q4q6KGY,The shy,401,88,73,False,False,False,False
GRANDMASTER,gRq88RTZVOdzwNd8-KYh767m_wlWGHUkQ5D9qS2cbF2zjAU,nanjing haksaI,430,303,271,False,False,False,False
GRANDMASTER,H23ccz3OGfzbUMC34xYhSCnI4jF0wdc4x5e7pI-9_sMQFg,나 똥개 아니다,270,73,48,False,False,False,False
GRANDMASTER,9E42Ni1c4w__oC2meWxDBAHvOpF46gLljsfbTSEWiKiiGEg,hongliaoli,544,221,192,False,False,True,False
GRANDMASTER,8vAFtQsec8RVHhT9yrSTzRVxTzoI6_ziDhMcoT55lPgucpE,cherish1124,509,102,72,False,False,False,False
GRANDMASTER,M6Hwfm-fKmyWRx4EJmPIH9J7BtBWZYQDIS9P4cd0hZ52nE4,C2zh,188,429,408,True,False,False,False
GRANDMASTER,hoK1xmFBKPMjQwOwqXULd_XkGYlm2V46BKcPJwPDHVqGUA,포항참치박정훈,201,172,146,True,False,False,False
GRANDMASTER,9cgoQveD6Sdae7zpsulSxNu_37-12qkxWn9E2h3HLgbIKAc,풍월량머독침착맨,540,90,60,False,False,False,True
GRANDMASTER,0jJJ8XRHmPvvpPtos1xU2TZA5iviZRlJH_6A4jqPNAK7T9w,CQPO,393,476,456,True,False,False,True
GRANDMASTER,NvefGrB2xgaToy2jqnoHl3PTEnGqlQ3FZRuMn9SnIn2iryU,ap4369,332,139,100,True,False,False,False
GRANDMASTER,KbkSRm8y5W-gv7mgcN-Hla8epKK51cGb8NCve9JX-tUDVTE,빵속에 순우유,266,192,204,False,False,False,False
GRANDMASTER,EQKOGoemYrZG__VFwEBsxbrI1hHA55z8eD7SaSkpKoGbJQ,게르세르끼,484,158,116,True,False,False,False
GRANDMASTER,ZrStwPgNoIhL7hym6lLwpc4WMunVmxK5nD1pEOb1dT-WX9I,aswadsasd,270,298,233,False,False,False,False
GRANDMASTER,OElwAVE-bPIrtulqaQgBKPKW1CqZir3C263RAo9uklJcwg8,ESA Belief,248,195,156,False,False,True,False
GRANDMASTER,JZoIc-Zm-Ql7bB2jurIQQBw4vT5LQ5_6Ugc0wEj8vfvE-gI,산책시간,287,247,248,False,False,False,False
GRANDMASTER,MRsWbxzU_0HL_-dxvI1Ai90U--Iln7i2A0JnnahcxUq3Du0,hewon,310,320,284,False,False,False,False
GRANDMASTER,Wv8yaqZOMrqfDutAEhUmHHTIcbV7iuezjENhNCG2ux-GvZI,NaruseSh1roha,330,245,226,True,False,False,False
GRANDMASTER,tfz3OatjJaAwayzFNYflJbLKuXb2Ki7NGWGgkBVQnR_Sir8,어나더 혜지 fan,567,211,173,False,False,True,False
GRANDMASTER,kexrRRl7L-5reF8QKqPR31--4oRhQ1toeG7coc7oroODyp8,iuhim,240,249,221,False,False,True,True
GRANDMASTER,ICCtNh7K_K0b9R4NdQ-_qv9kcpAAPJHF789TtjSgfwkWCIc,Folow Your Dream,409,122,97,False,False,True,True
GRANDMASTER,E6p4_Dga39R-7Irs4JRksJiGkQY2OwFoT5QkCulQ_F8Zlvc,제버지,223,156,133,False,False,False,False
GRANDMASTER,sURaAfA338wAbc_XzutVoWUWh8kLZK-BHNaNFHmofQpZqtA,무거운어깨,210,77,54,False,False,False,False
GRANDMASTER,44Zex_jQk_Yl8yWlM6SKHN0DsCG-dP9dB98tQXkR4wUyLgY,DRX OneZang,233,198,211,False,False,False,False
GRANDMASTER,1oUTjjrhhJEq1OBdy_JJeNAiZZDXxJS7oCE6YBqbeQBdXkI,Zaovvunongren,412,223,195,True,False,False,False
GRANDMASTER,YAfcReDXcycXHk6VYFZkLGk9hNg8f6D2YZ3pguHzhMUQGYo,Glassy sky1,415,187,161,False,False,False,False
GRANDMASTER,batLlwj552UYCEwT9ihdRyLG6GGJ0c3FUeY-GAtANuEH9MU,kuangxiaoma,421,148,123,True,False,False,False
GRANDMASTER,ZCf_a6xXMwAQvF5Kch7SJ43Ll1C0JtFwT2rBQpzd3y-OqMg,wohennangu0,418,133,116,True,False,False,False
GRANDMASTER,4d4Br21Fpl3ABoPgAo8s6RGwERUotZPRiV-INwWfZAhFsg,인천토종닭,330,277,246,True,False,False,False
GRANDMASTER,EHJCxgo75VnYowY1rpX1S_9aomwf_rSzUiZEVK2WLLNqgy4,lllilililiii,391,51,63,False,False,False,False
GRANDMASTER,rIaViTByM8cbDcxz7dDA_UrA49jk7MJuRe7N4HFS_LfD2zs,MeokMul,245,181,162,False,False,False,False
GRANDMASTER,74QFBE5ugV8MfnXus4QhdMDhWan6YsobyDiKVHhKSRIahgY,UDT김계란,256,88,67,False,False,False,False
GRANDMASTER,jdtxtx5sfsiJwX9EWOaOGVQ7N3uysM6Kzw9RrvqOnho4NHk,yanghesu,557,155,128,False,False,False,False
GRANDMASTER,3zWofTzgKHIq-fFG1GbMKBEHNM2Co--Kgw2G0lJFaE0qD1g,2l3204284vu0 ,169,396,384,False,False,True,False
GRANDMASTER,49xVd6-vAP3sJr1tJ5_DEqokJzrkFHZSy74pKC_wirkztCY,jkjkkkk,444,425,428,True,False,False,False
GRANDMASTER,x5XBs8KBLCGQN2dIFP5F2nGsufDwGyn3NzrwJhUzDuta5Q0,IM Karas,382,259,236,True,False,False,False
GRANDMASTER,vxdsXcQUiz5EVrjsYeAjrRquNxjQB9jZkcRhmqT0zyiZ2l8,7k7kdd,411,310,278,False,False,True,False
GRANDMASTER,QtYA8hiFVwTRp71I_viBy5O_ZBmOAnkUwF6PdFg4JzLWioY,l학선생l,154,124,68,False,False,False,False
GRANDMASTER,Zw3W_4iF_TVqd446K0UDD3Rr5_2UjQmPptoQdCI81c3NTRk,lure heart,505,109,88,False,False,False,False
GRANDMASTER,UV0Zk5Jj8SrspY8dbczpLdUTJ96XwaH3E9cBAfn6OdHei84,HeyGirl Gh,327,286,187,False,False,False,False
GRANDMASTER,KNr-Jrn0LLglrD0jVqlG82twRFWSqWDKb6yIKI2vWCjt_ds,상록중,238,224,205,False,False,False,False
GRANDMASTER,QN_bIX3PlEylBG4ZSOal_y5RP4m_ByRedmLT0QIFHi2UA88,qwerdf15ggff,144,274,196,True,False,False,False
GRANDMASTER,c2-_ORHn8iCWCZQcISKdF6NrFEkk84RlHZlC_LTasjOwBVI,jg dubi,252,141,118,False,False,False,False
GRANDMASTER,5VQ8gmlHFlCOupOWxb_7Se_xdfQ9fO-luvABUjuCjTa24PA,T1 Oner,400,496,378,False,False,False,False
GRANDMASTER,EvxEgO7M98jPCgFORvHy4KTU8B4fimu4RbkikXAWxntLkUI,FA GLory,278,251,176,False,False,True,False
GRANDMASTER,ymnc1FTwFbSqyobi6GJzCqiZk44FoS90aoLiCFCFlaJ4lVc,Gen G Smile,283,329,325,False,False,False,False
GRANDMASTER,8FnHLt_PDECl8ntoM9FGUk7dJgQRT2P1c_WkcBDZ_MLOSA,나쁜말하면차단,413,261,257,False,False,True,False
GRANDMASTER,-3As_ybi0hexZUm-bOZWvm6j49LoE1SdbHeiFNs_JTl7kz4,Pz ZZang,475,87,66,False,False,False,False
GRANDMASTER,5RCGdv9CUnyynGLwXAez2_ABcESJjqw_Uj6KBGaZ21VdGa8,오리지널찰떡쿠키,517,68,50,False,False,False,False
GRANDMASTER,D_u4-v-BEH-7UrtK3K0vfZn6vqu6Jg1uhfWFkLxS5KYcHBM,갱붕맘,258,103,95,True,False,False,False
GRANDMASTER,gZw5ACf93Rh0s6Ls2DLgsOjecXBy5uLth3tQmBBQ5LPvPK4,HeyGirl GG,330,413,388,True,False,False,False
GRANDMASTER,JPRH7nUP6SLDOahlPM3cokjNsxflIWngjPslseHao7EijM8,Solo왕,544,280,194,True,False,False,True
GRANDMASTER,BYu4uBB8Hw4c_8qbKdVbaFwV_qWDvi-nBeleKbGXQbY3HJM,ELaB MungChi,324,246,219,False,False,False,False
GRANDMASTER,0YVKpBQxs0D5ksdGRO9nYbArHW0-R4I9jPo-Cxu29Rn5YRc,UECA2,550,154,125,False,False,True,False
GRANDMASTER,l8cVCl1r7NnpJzch1UIVwi4aTUfxWuMjVQKNPy9Le-l3Kdo,하 퀸,333,381,364,True,False,False,False
GRANDMASTER,MCSF5oU3uJ5eAhJykvznj74IcKo6LJvqq38LyWR9bOyFHvo,HLE Haru,622,260,238,False,False,True,False
GRANDMASTER,o7qBdd9Fv7jZUEz-j0krEHAncd0tOUcV00ZxRFBKCg5rqKs, 집중집중집중,249,164,148,True,False,False,True
GRANDMASTER,IT9G0NOQwzDL2yxTrndcFkpa3ywAbTw-R-53MPvi4VT7XTg,미드캡짱지원12,197,220,223,False,False,False,False
GRANDMASTER,rxqEapLWC_olpvjTpvon62JWRQw1kDK4ecKesuMOsqRrED4,xdfkmgfvc,513,220,188,False,False,True,False
GRANDMASTER,y73MYVousgQVIbeqWETXNPAHOYnLGryO34fWpJ2GBP8_Cms,이승주,199,285,248,False,False,True,False
GRANDMASTER,Ru0ms7sBHFhMJ9McFKgIet8TgYYQRRduJ5dluuzFftyk8Ng,멍벙이,217,161,141,False,False,True,True
GRANDMASTER,ZHltMiGvg_H-Om-Hm_CfXR4xo4PTr_6jgDkUBAWWcTJOiA,EggPlantEgg ,417,396,372,False,False,True,False
GRANDMASTER,uyMjFJ2RHEMeP8hse-6Sra2Ibrfg5uQsBibH2ki32Bxo2xk,정글가는진형,670,153,116,False,False,True,False
GRANDMASTER,z0rpTfBscmzCj8A7l87yEeGMPKF4ZDrJCnMjdIjo1gqyQS8,Lost time1,273,323,250,False,False,True,True
GRANDMASTER,JVbM_jA7bQAwAXB1EYj1R_HriR3JinKUbwp-cMbQCw0-YUs,내일바다로가야지,332,255,233,False,False,False,False
GRANDMASTER,77ogkUKUuX_Q_in7cyuo92DEiuqtq1CfY_uCC2R2JJRCCa8,SANDBOX Muru,428,343,254,True,False,False,False
GRANDMASTER,iebMUBVlPjTBD3eI_T-lqA7iILTWVXQcZ1XkX6G_guVt8mA,다 들 귀 요 미,270,223,192,False,False,True,False
GRANDMASTER,wVVJigW7d1qfL1Iq33BLbCjvSwU2bU8Y47zhF3lX2Ooxl7I,CITRUS2,289,200,178,False,False,True,False
GRANDMASTER,75bO4OXcuUGtVdLynybHxb5yMq0yvM2Ee8-yqPznvQnQSg,FA Yoon,441,120,102,False,False,False,False
GRANDMASTER,p7mIHQKYDJtvvMoqO8c3bqcfczw6GsP6RdAoyzl1T__J8pc,안동푸른번개준현,259,371,359,False,False,True,False
GRANDMASTER,BAZlbca9wNZic9mAJU56T5CnnCxynFeex7DVQ3nA3kXTqw,호잇호잇이,225,216,176,True,False,False,False
GRANDMASTER,qHSS8shC9rCMOnGmLrtmqVOXWnIfqJd-EIgx6p5Ew5LII9Y,zuogehaomeng,258,281,266,False,False,True,False
GRANDMASTER,WqTUQdfJLS8rOYktG6QGTbNY7ZCVIvd1wDuiFFh229EhUg,인생 즐겨요,214,122,105,False,False,False,False
GRANDMASTER,okDmzH6kK29GVQJASFOF6tJtoIxvbLzLaqYohEq9_Ag3POw,핏빛 계약,595,106,78,False,False,True,False
GRANDMASTER,D-OwoSF7Mgg5Ip6oUSF-_8v0lPf6uwbnot5rOvpAVVPqUtQ,엔도르시 자하드,524,101,89,False,False,True,False
GRANDMASTER,ZzgOYl_EN3wPM8c4Htmvkdj8gM8ruJzxAwdQMUTca_AROQ,XnX pi9,441,157,172,False,False,False,False
GRANDMASTER,zLHPo7rI6s_favvSPEy5JaOnT8sjBl8izP8ubmyq9ToIPi0,Liuzhangli,347,111,84,False,False,True,False
GRANDMASTER,3699CNVVmlP4Cxt_hnVeG8yDfZetzi0iY88Zs8HrS4A13eg,Popeye c,283,207,190,True,False,False,False
GRANDMASTER,6Gmuv314RFwtWDFAXHuwRIcSlxiP0Vbh5JGM80H2WFR4Nes,zxcrawqcx,302,136,120,True,False,False,False
GRANDMASTER,fhNC93NnoUcagHT9QRfl_GaQfIo1JCZqT5u8IyNpn9mpgqE,I Must Go JG,214,176,119,False,False,False,False
GRANDMASTER,MD4-fgIh93K3GM3uiH8IU7G8zBKJqsW-nUOhKhqDImi9PiY,널저패겠다,279,91,81,False,False,False,False
GRANDMASTER,2WSOolB-A2LjzPvHg1l_rm3YzaPe5RNT76yYSFjV_klsfGA,Seafood탑,312,224,197,False,False,False,False
GRANDMASTER,5oVUDXxGQ10UEUFLE5C329h8kw2LF0DRBSOucYsR3rbCNg0,마가로,198,125,104,False,False,True,True
GRANDMASTER,6GXQYJSuZciCUpZ76LCdKFyZXK5Fi3aJqBTgUUqhkTA0Tag,나틸리,205,275,199,False,False,True,False
GRANDMASTER,raQx5JcHLoMrNbi9S_5Tj2r-JPMAocbO0N9Qfl5zoIJq__U,플레이어남탓중,356,198,171,False,False,False,True
GRANDMASTER,EIcladhoTjpLxcy4W--4z4O7AmjidmvN0TFDZwv427PDAQ,영원한 설리,233,96,84,False,False,True,False
GRANDMASTER,EswrTliQ7bb0-kqisQgbQsWIkhrI0UMrR205JrhG8YZNBg,닥쳐라배준호,207,134,112,False,False,False,False
GRANDMASTER,Ubr6URfJHXjifVTrbv7qaBjByJ_fInOtF1X-m8HOKNCS-gs,wkdead1,182,109,97,False,False,True,False
GRANDMASTER,GlU_EU46xaZ2BBOoJBf4zZs9yGFSDg0ifZpgwMSBrNtONbA,Gen G Ophelia,481,443,422,False,False,True,False
GRANDMASTER,dsHKkIjp5tOVnufTRfWzsld5UibAf4ob8owJs9RVobmUAg0,wfs,303,83,72,False,False,False,False
GRANDMASTER,kfCMD7Y628SGJPkrv4XBfkJcUQJdt80Q0EIiWHxrtCL0UPI,liiiIlIIIlili,490,113,74,False,False,False,True
GRANDMASTER,gxQVV_LVGorvc18SopE5F6Che6jxa-H_nb8b_e-KEGJ9WJ0,Anonymous1,229,90,71,False,False,False,False
GRANDMASTER,XIf8a5CL_cBB9uwhbdx8bCJZ6lKZ5f2q4Rc_hiZlippiZDM,천불생무록지인임,519,301,289,False,False,True,False
GRANDMASTER,XPew0gRpthR9RfDDp_tkjiJMr5WNV7QjE632ez4FruQLUqo,Trust yourself,436,323,292,True,False,False,False
GRANDMASTER,vY82B1_Yd6KVMI96m3Bsdzk8c6PSlhhGjBzqeQcCOrpizCw,5doran can win,208,115,89,False,False,False,False
GRANDMASTER,4_ibkAh-Qu9kTAEFbFxm6T85qVqvbeq51EX8vqd7RYR20lY,쪼꼬맹이 딸기,239,158,140,False,False,False,False
GRANDMASTER,5D_onJu7T_o4t_SAgWeDOuDA4pyvcPQijR6kXUKHkPFpsQ,전설의용사김한샘,351,145,127,False,False,True,False
GRANDMASTER,OU0x6zsJy52uI_VXl3I7DzVsEf6AEEAfk1PfhAiITNhwltw,새루는 죽었다,396,136,114,False,False,False,False
GRANDMASTER,msI3GXe77r1I02kwLnRfB0f2LwmhBopf49TN7dExCVa-x58,엄마찾아드립니다,318,83,28,False,False,False,False
GRANDMASTER,C_sNjkWI_rqL8Gh-tnwNX_pJFKqZmKvg_XCDXXzB8plWoa4,kfo,160,410,388,True,False,False,False
GRANDMASTER,KFRPJcrgCg4UBA1FlgpSQPOLpKeyk4A6vla0MI3t3gg9GfE,나라카일,226,330,314,False,False,False,False
GRANDMASTER,6Pz-Chk4JBZ35xqhRVA9bzaAGKIuYTkgqtmOvXVGzpDkJ7o,DRX BAO,313,139,130,False,False,True,True
GRANDMASTER,acyFF0LOMeDu4ToZqvewQ7H05zfpylXFtSD5j6kuL4IqMDc,SANDBOX Serenity,513,230,217,True,False,False,False
GRANDMASTER,E9r66djZEB15rXCr__IWw139HONrc69MvV8e3pjCvFMroZo,zhihuisongdeAD,578,100,64,False,False,True,False
GRANDMASTER,Epknh3DKqu3zRQAIkxHUE77lFq1wEsq4bxLhHxj6pUSEXAc,김건북극곰,597,43,18,False,False,False,False
GRANDMASTER,QPeFr8xjRED5qadKNk4bOcuq5xkNq7Yl6SC8lZ3NiBY-mm0,Unfade,230,166,135,False,False,False,False
GRANDMASTER,zWMk6Eqp6ekyF2jRv7DKGFGPGZF46nUSiTdTbVIUypNr_0c,cute heart,395,80,62,False,False,False,False
GRANDMASTER,SZJ3sUhSG-SOCFUx3KxYyL5qNyoTRg0n3W0kfbqaxUIt_4w,나는 졸린다,400,211,191,True,False,False,False
GRANDMASTER,8b9LL3Ht8R92P1iskQ9NA-QECR_Ov3Xnpa9EmZVR9fvGKMA,ZVT,310,133,132,False,False,False,False
GRANDMASTER,eSqE4vItshg9cIiEBJxnhUIPXYLkZESEIQdxuJDPFayI8_4,그땐 그저 좋았다,201,124,106,True,False,False,False
GRANDMASTER,4SqWArOK4BEHNxAEQTcPeO2rdHt_75h0G37BakOOMPXI7mM,Gen G HaYoon,552,240,213,False,False,False,False
GRANDMASTER,JpHSjS0k0B67WmSGrFoIisnmx2LCHotAp_f7ZujzJfpEhQU,Math Yakuza,216,106,73,False,False,True,False
GRANDMASTER,8iFn2iVAc5QxUTxMDxit81hIHJ-jwc8Qj0WL3nw8mXW3qA,Plz Mist Carry,264,538,505,False,False,True,False
GRANDMASTER,hBrkeXLzYePRGIzr3VQYTB7af-t544PS3msPgWfvSK_ICg,내꿈은롤드컵우승,409,126,100,False,False,True,False
GRANDMASTER,-upBzvzV56672NW9_NGqIxwr6umG-SIcoaB6CFUcEfj1cRs,팀원에게폐가되자,336,132,114,False,False,True,False
GRANDMASTER,KniYjIQnMxQYs6X6nkRNl-8q8qGYAoaMzDK95AXjTECebwc,zhiqianghuya666,365,133,106,False,False,False,False
GRANDMASTER,wjF0wszh_e_hWiS9iyAp2_TgckzIqbxF_LpyBQWZEE0HPcI,Munian,247,115,98,False,False,True,False
GRANDMASTER,eZVmzDGjOD46DIUBVv3wmm4TpL3SoYBo0rJmkIN92l_JCWE,DRX Pleata,411,228,250,False,False,False,False
GRANDMASTER,Q-0Kgcu9huXZEYd0cnHABPHbDa0LuZvl2pJnePsUF8zjh8s,플루토오,471,85,64,False,False,False,False
GRANDMASTER,1MP1pTcIVxuGV1f02HVtPgcXetobxhUIluogROBtAD58VrU,깨기 싫은 꿈,560,119,97,False,False,False,False
GRANDMASTER,b_CPfEWG6FNGUemYB8nEo71YBAksexq801XSw9is2NN2rA,123465123,207,229,174,False,False,False,False
GRANDMASTER,1L6NhqGiD3bmcDuXsyFme8GaBXsj_D2dzPCfbHF8Ez5nWV8,123321188888888,206,58,50,False,False,True,True
GRANDMASTER,ftL9AaMRkEW2fg4lFwzkTGBGtaCXwtLBQ_tITW3u1o0lgWE,베인장인요맨,398,105,77,True,False,False,False
GRANDMASTER,DFO8OYZ8zzuEB-VCdouGj2hvYfmnJjsp57B94imi0fvCbOk,눈이 예쁘다 그치,256,146,120,False,False,False,True
GRANDMASTER,1CvHXgtFfRJALZD8gh9HcaRonO_LTmisBIHr30wpLR5y4w,ShrimpVicious,317,361,338,False,False,True,True
GRANDMASTER,NdLt7489IBN09xs92l1l2CbOfzoo1AASI2NzL3bnyqrus78,Shadow2003,351,139,152,False,False,False,False
GRANDMASTER,nt1-pblSRWaHla7w3MAvyERIfQA9BOedf966U9abeh9mBrE,Viod,205,208,200,False,False,True,False
GRANDMASTER,ZiYADpl-8tA9Uog_jEkspMHzqW-i3idcl_ZHhOOfK_B0vQ,술 사,306,118,102,False,False,False,False
GRANDMASTER,Q86xkV-jq3F0dUnMzKqVWU0pZDTxncibp94Yk5Wwqz5oisk,힐 써서 막타 침,194,516,532,False,False,True,False
GRANDMASTER,BrkxId3nWmoW6hSKZrbYF2Fv_-mqRcEtfKC8mvp_1dxN2hQ,sup격차,354,136,124,True,False,False,False
GRANDMASTER,3l_j74M0wlLnf_2PpGDR5fTONETUHcJ3oq2kqyFZrAq88_g,hfdidi,543,300,282,True,False,False,False
GRANDMASTER,RUe8rk9iaFvqu39h5G7QN_VNsJiRM-s4wpnIsyLHYSU-Xzs,HANYOHANYOHAN,341,169,158,True,False,False,False
GRANDMASTER,u5n3PKDngWHeOUljlcQ-dh3Bp6PHH6hpUmc4ZIf2lflJLzE,인생목표한남더힐,223,100,89,False,False,True,True
GRANDMASTER,73x_s7bM7f6JI1aystPzcHluKJEkT2poneVWtfYA9v-kUhg,F A 군면제 서폿,346,220,223,False,False,False,False
GRANDMASTER,3d-32Is6AMQhM93SC5q38viEo8Vhf_bF29jK5GBDnuQqzjM,협곡의백정원딜,313,156,128,True,False,False,False
GRANDMASTER,wC05IyQXLVygMuo0wvLltqGgrOH-9HWxRFKv20qeUGzIAg,Furyy,456,101,79,False,False,False,False
GRANDMASTER,6o3-ThJdEsadZIwIM-QzJldFX3O_kFqxgQUq55SmWfFWgQ,T1 Roach,249,156,150,True,False,False,False
GRANDMASTER,G68fKTMCjmbvMXAx2v8PdsXzHnjxoUDlNOKCQCuDAVLgajs,sakaIaka,433,92,54,False,False,False,False
GRANDMASTER,iZkJ2NLtjbiSYxDNcINfjlt95ltSOPLp9Shjt_eWs7sfq6c,나는 고기다,507,134,115,False,False,False,False
GRANDMASTER,pEq6OhEOALMDuMmhMjc736w8fp6co4FzlnJrwRcyxkE5LDw,Mei Tian Kun,322,137,176,False,False,True,False
GRANDMASTER,P0OHkI-Z5b-ykCsOeTEE8YNBM1j47n6W9dOzfiUssdRCbw,GoongTube,211,312,297,False,False,True,True
GRANDMASTER,DHquCzWvWgfiZewIp98xU-cQ6xohmxbnu6Zn9HkJfdb2F-M,부족한제탓입니다,233,64,35,False,False,True,True
GRANDMASTER,iS3Cej5j7sf-M0ayv3TCoOH736nteHpnCxx3s4bC9_e1gPI,galbimando,470,217,205,False,False,False,False
GRANDMASTER,M5C6zATMdtDaxQhgSAZukDr-rRugrNxxN6W4xxfkTW5V30E,zhuzhuboluo,424,271,253,True,False,False,False
GRANDMASTER,Wq3o18F6AZf9hdWVBFS9gCJ4gUJcb0nTLVBYCmHi42X_7CA,wrsIt,291,107,87,False,False,False,False
GRANDMASTER,Itnt0gqNbE1wSLpgAThTgQaXDL9V-7-Q4L0fJEyByH6KrX8,19살 이범석,496,262,219,False,False,False,False
GRANDMASTER,aInz51cIohn1qTTUsbf9aihHzjdIa8dxpjuIZ7rsQ9g9_ec,만기퇴소 전역,211,102,82,False,False,True,True
GRANDMASTER,3B9-ZrBSF1hVFISv-VJ0DCJaoHIxXkJ8N-6sdtpr0eoRaA,MAI WAY,464,115,87,False,False,False,True
GRANDMASTER,Fs8pNbMkRHel4lI9R7mAuybr_CwtfmVcM5SHghvOKVuC370,손연우 남자친구,278,190,184,False,False,True,False
GRANDMASTER,nNb1AtofGFmehQXkfvoY13F2TWGvtOJPqIGQLDN0mz6q-rY,정신나갈거같애,521,231,202,False,False,True,False
GRANDMASTER,IC6ngJyzX5PAxdBA4IkgtPyrnw4gEIbv9KtfpdvPxxnsBzA,Eerry,391,254,223,False,False,False,False
GRANDMASTER,p2MDN7jH1RFfsgFx3fALOHzlPv3Y2HUHqehicBtSPT30dQ,Ordinary peoples,320,181,163,False,False,True,False
GRANDMASTER,yUpCfnFdgR-01LkKnt4ZxLtV_ITq6WqyOMkoxphz3YMxuw,ChoGod,226,154,137,True,False,False,False
GRANDMASTER,m20cWOZ5X14MnhlADZ01RwVB3ssRP7PzDquLwLv6KQlR-gY,Cute에밀 리 아,263,362,342,False,False,True,False
GRANDMASTER,I1xCaBC3TMqMC_x8omdK1AIOI3DYi3XciKwhT9lVxOR4YQ,zer그링,412,269,237,False,False,False,False
GRANDMASTER,ogi-7Sj1XWmTLoJub1EHfN4aYJc5arPF-xI-LQyFXRWzCp8,Chainsaw Man 1,268,262,223,False,False,False,False
GRANDMASTER,MWfx1yN20TC-x8ZGGsfcRusLyr3oNSsKkKtUpWq8GFMv6mo,rqewhkjlafdsuc,427,202,169,False,False,False,False
GRANDMASTER,m0J5JLO_tRmFw_vigpAbO07VQNb0uclmTZ4OOxx1h2wI5oM,O u O O n O ,218,94,70,False,False,False,False
GRANDMASTER,Bhvt0HwKYSydkgEyvDue96zVb60gUYWDLsPb1-Sbd4b4PVU,CraftBoss,389,113,91,False,False,True,False
GRANDMASTER,3wfFqKvtSDoouwESiWIrKeh1s0bHvfw511GXmg3PVhu55w,땅꾸넝,402,459,419,False,False,False,False
GRANDMASTER,mYNOYeyEj050rf1QvlPZK_HT4vhQQd0aqJlUKTXHGEd5etA,Apolosius,316,383,367,True,False,False,False
GRANDMASTER,21r60v_kcnpGaZ2WqrW6C6SShbLdBYxDwGd4_KISnPLnlPo,wjsybnlh,451,230,208,True,False,False,False
GRANDMASTER,oZs9uoVuGDoM0c8f2mDbnrVOACod3jcLfrFPhIC_Hodr-S4,다루다루daram쥐,295,155,144,True,False,False,False
GRANDMASTER,ICXJ5Xr8rHoea3VT-pBn8HlGWx9Jq1n4977adu8OeniaWi8,LSLWYF,528,204,172,True,False,False,False
GRANDMASTER,hO3SXeUN_hR6qBL4qxRukGGhzmn6oPzULhONf07GcIGxry0,qinyu,370,129,106,False,False,False,False
GRANDMASTER,2D3c0QziXocsm22ZL-6H00Ub0ebNGLDo1i8fK2P7ntcZJVc,qiaqia,503,247,220,True,False,False,False
GRANDMASTER,josWQ2gYr8hFZCcL924J_SIVGp0PzyKuoI029n8_-JEMMco,kamoufIage,420,246,224,False,False,True,True
GRANDMASTER,5KIYNcomPhd2U3YCMUwfDT2PzpZa1o42Mvroy5dLiLDd7Hs,i want to Alive,306,318,284,False,False,False,False
GRANDMASTER,iLNjW-M17DgvhbiZrTl2syBMDVApJkO7LgJwwDg9glSB7Q,몽키  D 짱구,478,331,311,False,False,True,False
GRANDMASTER,1N7mumJqugNA8yWRnCkUqJm6an4sZfqwDb3XwK0Lr62cTw,SANDBOX KingKong,475,223,192,False,False,False,False
GRANDMASTER,-kY9gzt3zJtrY9vIhRQlyNQv71wrs4A2Lk9sSigsZqHRunk,Tangwagege,493,253,228,False,False,True,False
GRANDMASTER,dhP19Xhz97SkLN2mSqvoDgBq_kiU_in2UT46OzgzCU78eNI,vv12307,389,230,216,False,False,True,False
GRANDMASTER,IbkWQfsQfsGdM5tUuRt5Qw6exYugK1Mai-nDvUFhZxpfJsM,win very hard,437,364,353,False,False,True,False
GRANDMASTER,9T60cor2kSV_dDcy0dy6rKwJksRqXmMsUPl5QGoET2VaoQ,성훈킬,285,212,193,False,False,False,False
GRANDMASTER,Q_6THpZH6cdC5XtFNtl2tOmYUipBMlKgaEjGjbiPQrISFA8,like cz,513,110,76,False,False,False,True
GRANDMASTER,De7VGrFV45j7p-1JNWm3WkROrWbBA43kAIV7ZceUFH5nFxM,포기하지 마라고,419,188,159,False,False,False,False
GRANDMASTER,a7uqpGiI89s-yWS2RZMJDZ8gCFFDzpKq8eiAo6pJ8dFTm0M,함 알,583,361,327,True,False,False,True
GRANDMASTER,CdaQeoVNR83rBwDNZeNnxbKjW4uhTPfurwHkivPL-ldc1hs,아름다운 거품,171,185,165,True,False,False,False
GRANDMASTER,vEQ8FMsN0DX_vooS9qya5kj3RDp7z2gw5F10v2DsHBT5_RA,owowowowowowow,421,130,96,False,False,False,True
GRANDMASTER,r3eWI4X7txeNQKKDWWF_0tk_498Os1JN7tIq9OEA12hDZyk,Dictator3,401,110,90,False,False,False,False
GRANDMASTER,8jWDKMp47WHhuJhzMheezxtyo73Wi_ClN-eh8lKMfI2B0UE,Gen G Quid,474,533,503,False,False,False,True
GRANDMASTER,JmPAKroSLwDZDY-XsMTQcQgfTGo_vB8K5QAPC_UHzxP_WXg,뽀허니,368,270,252,True,False,False,False
GRANDMASTER,R-wdJ93dCOp0pPi3Qjr4iokj5lSi6SuRlBedJdJQ6b3e5qs,HLE NAKGY,520,356,237,False,False,False,False
GRANDMASTER,c1qD7AC75_vTrrWDVqgBp-A6vE8WfvUQPZWj0d0VpEBQ4A,모 모,426,73,77,False,False,False,False
GRANDMASTER,Mynxt7Ex7qTMTRy1GtiKv4MIuWIloPNhhrnkYfR9nd61pt4,솔찬입니다,471,368,264,False,False,False,False
GRANDMASTER,6GIrcHEZlNbJHL2dEQbu6g-zB2TGmRzJOV6XIykVJzo0U_Q,Just Upgrade,434,174,201,False,False,False,False
GRANDMASTER,o8ueUXT8cTabGVlafXjY5j25jOZNi4cFks6gMlC_MaZnPog,LPLLPLLPL,234,182,149,True,False,False,False
GRANDMASTER,aZ-OhUs3VBcqTk1HmHdJJoOMklpCWvD0m9sTZTyW93ZIcrw,치 열,513,177,148,True,False,False,False
GRANDMASTER,C5ynjlRGZW21Jc1xAKyr5mbCkzTvACGmNbWMzbFhuMHrKw,챌까지미드마오함,441,181,127,False,False,False,True
GRANDMASTER,XFa66i5TcFLsGu8_BdiDOXCeaqgHjK7oTd2DGg4J-2HTa-Q,돼지 같은 팀원,258,345,332,True,False,False,False
GRANDMASTER,4nfdFOJzXDkM-QOYgobwIQ9TzxZVxG7-kAW65axLlAcA6Ec,whyb babo,452,270,243,True,False,False,False
GRANDMASTER,3UTVdVaU_IbgEwf1pyqW6EQhJiQcx6tzND3PUbAxLcavmGg,하 멘탈이 터진다,419,282,259,True,False,False,False
GRANDMASTER,OPlp_tnPnQhuqKyKskGTWO_Yh8C1o-dRqH8M3Ak2CGUShA,미야아웅,491,216,207,False,False,False,False
GRANDMASTER,iWRnlnJRSKC8J0BiOcFJJQ0NE9Beq-NZIzpwvWW0rmwdU5I,구인수 케일,412,113,102,False,False,False,False
GRANDMASTER,mG1bSPe1APaeci7Gmtc8kFVuR-pJpxkLm2-6gdcqoCQAU78,XXXTENATCION,203,288,283,False,False,True,False
GRANDMASTER,cOVcsPkpkSUpx6iCUNZ2Q_jHI5XLTWrTdaXcB5SJYPIEI38,복수의 나선,490,104,76,False,False,True,True
GRANDMASTER,p8ZXhAvPlgRc52N0d91_5hyQOnJGl98wYAv2f7BUvLUnuoQ,ffffaaaatttteee,379,85,64,False,False,True,False
GRANDMASTER,d4miuEIt-N95mBbT8_JVu_Siz0r8X7hQJZDX-GQaGMroGkE,Tlcc SnakeGirl,232,240,195,False,False,True,False
GRANDMASTER,SXj1xdSgyfZMGKGsFx5GRXGkXb3b7KIffGfqHcB9S0nklw,D1 이현,320,266,285,False,False,True,False
GRANDMASTER,j9C_EHKsvrXfsb6oPw6v8-5Z3DBSnJlLNZ615iy5DDj4BMU,SANDBOX FATE,331,95,80,False,False,False,False
GRANDMASTER,BvXlcEckgxi2JG66yeYwdavAmAkfDaCNIoyFatsUaRVYcA,지헌7,203,132,112,False,False,False,False
GRANDMASTER,ZEiHtCcDj_-DSIsg6f6vupaGmXp1eTJTyHHVt0eTP81x5sQ,XinMo2,313,190,157,False,False,False,False
GRANDMASTER,HEzrOH_JdnX-DkqMjT6t8sjTVw0sBE-aZ0zVj8fvTmS6qsE,재능충의 표본,418,187,95,True,False,False,True
GRANDMASTER,EPKDLPr0fW5dJyHq8ec-wtSlcx0ByeQlO8ufNi-_IsTU5PM,화내 지 마1,472,279,246,False,False,False,False
GRANDMASTER,T722xLIRVukU68ka-furDoIJHgX3SOxd4-dXPh6RCfNJGXc,Gen G BBakPyo,411,278,264,True,False,False,False
GRANDMASTER,2J8Ko0Ph6XI34qj6dSR91spkS7Yf1bzRNEUJX75Z0lshRIk,BRION Hollow,491,240,224,True,False,False,False
GRANDMASTER,3zET2NZy9BKN6XqhNaq0TNWABTH1SaaxyyCKBN3Oa0FBLKQ,ad20,239,110,78,False,False,True,True
GRANDMASTER,qTrYS4JNqU3-pSyuw1NZ0AVrRDHEukekskgacwkfoRQ9bQg,wake up,230,266,254,False,False,True,True
GRANDMASTER,dSWGsyGpK_PcNOR5RK3gSPVRb5MxdOjpM258FJRBFVWTCg,real gankster,342,267,252,False,False,False,False
GRANDMASTER,nGsMXp8uj5ndD1-6HhD37Xpk9fN_9bmAWLnEIG3e1rmSqCs,Destiny YouTube,344,206,192,True,False,False,False
GRANDMASTER,yjR7WqPL8igg1yNLqRDCmBeAQsYwYbso-cgJrEFMN2gbyOk,C1zh,195,346,339,True,False,False,False
GRANDMASTER,VjW79x3zaEFV5dcqSnBytrBMtlK57EvAXiH_B5li9SNt2l0,wu ren zhi dao,223,261,251,False,False,True,False
GRANDMASTER,i3H6hVsVLuO5nOay2VJAs5IX-7Feo6zOKhnXCuOQGc8wqFY,qpqpqpqpooo,359,332,314,True,False,False,True
GRANDMASTER,Nt3TfT-ksnp9voSTyTzrRCsNHO1Z9Zf0IxcHGHGPZ3av4DE,패치가가장강하다,167,445,441,False,False,True,False
GRANDMASTER,pHOJNt70WOlijftY4D1e4btZR50aUyL9Rt-feKDMT2t8i14,도녁맨,457,173,146,False,False,False,False
GRANDMASTER,3yywSRt9xQo8gNlIVtOdnhlV_kKAa0r5h3sOMHqh8GwG1VM,123haxo,214,135,124,False,False,True,False
GRANDMASTER,1h5I0WJ2IL22JGwZINcEQdvhmm4qxr1mnmV-MGrnW0Wh3Og,whisper snow,574,293,265,True,False,False,True
GRANDMASTER,tRcAWygRw2jv2DMNWpsQdyA0LzOyNpgNsquWBdYWM0IhKVU,Salad Chan 길 길,384,119,92,True,False,False,False
GRANDMASTER,PbDGFSwiaU-PNX42uB4mieNpWzi9_A02XJG3U6sSyu9csrs,Wyvern,434,255,245,False,False,False,False
GRANDMASTER,dcUpT3wR5cyQdT3QlhyXnuxzCwx7QRXIzXP3xFWEX-lcOfk,rownjtrkxdmsrpa,460,152,125,False,False,False,False
GRANDMASTER,SUYyq9R-B3qF06boaOnK8TX-fprkjYFStb_7daSlqSqnm1Q,uskinoej,390,80,62,False,False,False,False
GRANDMASTER,UQ7o-VviApbLx3P3MfZkBu_hYgrF7jTfZWCEMEFaNJA-SH0,해성해성호,190,390,382,False,False,True,False
GRANDMASTER,Z5SigSOyJDNISQg8mZdRIiOUyfDGQ01YvJTbZdLPaeoWUhQ,Xxing9,379,295,207,False,False,False,False
GRANDMASTER,cNU0vGfcKDN-QBoQeU41s2AZTEs_A_deBMfkuE75Vy0_STw,Remika,352,259,246,False,False,False,True
GRANDMASTER,7WQpp3ih4YzAq0yd9CoV00NieofhPyPhQq0EzfYbX1dBcMQ,yao mo gui guai,541,485,448,False,False,True,False
GRANDMASTER,j9-vJEaT0Wh0ofe9zpUn7tdbleKlFQqkiARSHiaHOl_7dzU,gkfrjtaksgkwk,309,253,237,False,False,False,False
GRANDMASTER,YoWaZyzNBXJ3zjmNZI87SvCSJddJmALJFjTsZ8O5dghim_E,zyxzyxzyx,418,224,195,False,False,True,False
GRANDMASTER,JoKsSNlbFD5DPYKRwIl4IpR4x_nPxOWUzo5D-ZiuJBOESa8,끌라우즈,366,147,127,False,False,True,False
GRANDMASTER,raYh-j1dCsKVSsxj5DHHCJFqIjoUuHAT87XZG51xuPeHD0A,Baekkk,525,98,61,False,False,True,True
